"year","site","transect","area","zone","AUFL","BAIT","CHNU","COTT","EMBI","GOBI","HEXA","OPEL","PHOL","RIMU","RYOY","SCMA","SEBYTyoy","SECA","SECAyoy","SEFL","SEMA","SEMAyoy","SEME","SEMY","SEMYyoy","SENE","SENEyoy","SEPI","SEPIyoy","TOTyoy","UNID","SEBYT","col","pch","LD1","LD2","LD3","LD4","LD5","LD6","LD7","LD8","LD9","LD10"
2016,"Destruction Island",1,"N",10,0,0,0,0,0,0,1,0,0,0,0,0,99,0,0,0,0,0,0,0,0,0,0,0,0,99,0,0,"#B15928","21",1.3158409115081,-0.0220876849442551,-0.983121027150313,0.977136082898599,0.77618752833541,0.774604188878134,0.761029946129726,-0.312462785487767,-0.253945549633065,-0.494497930896011
2016,"Destruction Island",2,"N",10,0,0,0,0,0,0,3,0,0,0,0,0,54,0,0,0,0,0,0,0,0,0,0,0,0,54,0,0,"#B15928","21",1.47832343265163,0.586578462252367,0.557610225121427,-0.494648973842897,0.791189335781618,-0.0281491869025532,0.0488930639158134,-1.32342216930062,-0.229090433116429,0.554288517894181
2016,"Destruction Island",3,"N",10,0,0,0,0,0,0,1,0,0,0,0,0,72,0,0,0,0,0,0,0,0,0,0,0,0,72,0,0,"#B15928","21",1.31584091150809,-0.0220876849442492,-0.983121027150319,0.977136082898603,0.776187528335414,0.774604188878129,0.761029946129743,-0.312462785487767,-0.253945549633073,-0.49449793089601
2017,"Destruction Island",1,"N",5,0,0,0,0,13,0,1,0,0,0,0,0,1,0,0,0,0,0,5,0,0,0,0,0,0,1,0,0,"#B15928","22",-2.41480720246466,-0.902066631748127,-0.281910300511097,0.642257269160615,1.34506043944415,1.21995104762598,-0.515589506667086,0.486273922008547,-0.805143241400467,0.00735327732425959
2017,"Destruction Island",4,"N",5,0,0,0,0,2,0,1,1,0,0,1,0,0,0,0,0,0,0,0,0,0,0,0,0,0,1,0,0,"#B15928","22",-1.19093452601894,-0.899144225067646,0.762854246676719,1.15590091588486,0.682253719777579,0.213680731176048,0.822087236083382,0.236993865087941,2.33330724749452,-1.22544737385356
2017,"Destruction Island",1,"S",5,0,0,0,0,1,0,0,0,0,0,2,0,0,0,0,0,0,0,0,0,0,0,0,0,0,2,0,0,"#B15928","22",0.638503876513443,-1.59675158338987,0.496517161661402,0.662748777121922,-1.82748223842586,-0.533125913837755,0.675112690964086,-0.0611715612475114,0.493696638321917,0.670633339141364
2017,"Destruction Island",2,"S",5,0,0,0,0,4,0,1,0,0,0,0,0,0,0,0,0,0,0,1,0,0,0,0,0,0,0,0,0,"#B15928","22",-1.88728113729587,-1.53195336407472,-0.120337794231204,0.0840534207256269,0.758515513633726,0.701885427968118,0.969665962121537,0.277786865737791,-1.02352926904947,-1.26348272481167
2019,"Destruction Island",1,"N",5,0,0,0,0,2,0,6,1,0,0,0,2,15,3,25,0,0,0,25,0,10,0,0,0,0,50,0,0,"#B15928","24",-2.15625621314104,2.33138124265921,-0.0122983640035258,0.37998622788771,-1.60387681219885,-2.19253311404994,-0.499264014664238,-1.43131992583357,1.10407217416615,-1.44468971663004
2019,"Destruction Island",2,"N",5,0,0,0,0,0,0,14,3,0,0,0,1,4,0,5,0,0,0,20,0,0,0,0,0,0,9,0,0,"#B15928","24",-1.84963911401889,2.7764392726954,-1.25158208591649,-0.072302244110015,-0.703702017375455,-2.69365717343363,-0.707050830360693,-1.7403568326141,0.945520299633403,-1.48718593865614
2019,"Destruction Island",3,"N",5,0,0,0,0,6,0,9,1,0,0,0,3,1,0,2,0,0,0,55,0,0,0,0,0,0,3,0,0,"#B15928","24",-3.68257632233192,1.47418308722341,-0.624581798766374,1.12794098616771,-0.0556475240288921,-2.61085251658914,-0.955524875583598,-2.07529237988129,0.0112081903758749,-1.48992825285257
2019,"Destruction Island",4,"N",5,0,0,0,0,2,0,8,0,0,0,0,0,0,0,0,0,0,0,32,0,0,0,0,0,0,0,0,0,"#B15928","24",-2.24032015295567,2.17490191828038,0.0700464780473226,0.461869367527269,-0.764552698517268,-1.53337546633094,1.23368390220174,-1.13059850194,-0.894744052252177,0.739546558291469
2019,"Destruction Island",1,"N",10,0,0,0,0,0,0,4,1,0,0,0,1,1,0,0,0,0,0,10,0,0,1,0,0,0,1,0,0,"#B15928","24",-0.88479521706034,1.87938554142646,-0.899941330470289,-0.838729076393232,-0.401606978632233,-1.15244497308484,-2.04585237713323,-1.15756658083648,1.64562401864326,-1.39139759074184
2019,"Destruction Island",2,"N",10,0,0,0,0,0,0,1,0,0,0,4,0,1,0,0,0,0,0,1,0,0,0,0,0,0,5,0,0,"#B15928","24",0.208299865273309,-0.395927624356783,-1.48919981857945,-0.839515265253625,0.783649670576875,0.499983260543532,1.45420981159872,0.689473737522412,-0.8446282376888,-1.20397877856503
2019,"Destruction Island",3,"N",10,0,0,0,0,1,0,1,0,0,0,0,0,0,0,0,0,0,0,1,0,0,0,0,0,0,0,0,0,"#B15928","24",-0.311420008838965,-0.627699325233331,-0.312472404766688,-0.693390446961602,-0.847773369705072,0.665955311566121,2.09588370358889,0.554770944203031,-0.159934260732607,-1.04015308335225
2019,"Destruction Island",4,"N",10,0,0,0,0,0,0,1,0,0,0,0,0,0,0,0,0,0,0,0,0,0,0,0,0,0,0,0,0,"#B15928","24",1.31584091150809,-0.0220876849442559,-0.983121027150313,0.977136082898599,0.776187528335409,0.774604188878127,0.761029946129729,-0.312462785487767,-0.253945549633065,-0.494497930896006
2019,"Destruction Island",1,"S",5,0,0,0,0,9,0,0,0,0,0,0,0,1,0,0,0,0,0,11,0,0,0,0,0,0,1,0,0,"#B15928","24",-2.63772157439506,-0.234434641477207,-0.532902022084832,1.18900735597135,0.0518024427363879,-0.184872152955813,-1.19287688916974,0.584625249333483,-0.750839631088503,1.39047725827149
2019,"Destruction Island",2,"S",5,0,0,0,0,5,0,0,0,0,0,0,0,0,0,0,0,0,0,7,0,0,0,0,0,0,0,0,0,"#B15928","24",-2.08473801901281,-0.957856191463176,-0.18505118716321,0.196667351031404,-0.0740016714256764,0.0475675742727898,-1.13943080056945,0.79868791210197,-0.477889350869753,1.35518129785961
2019,"Destruction Island",3,"S",5,2,0,0,0,2,0,1,0,0,0,0,0,0,0,0,0,0,0,25,0,0,0,0,0,0,0,0,0,"#B15928","24",-1.70342714663716,1.62235866867069,-0.934926731632835,1.50415927096891,-1.08755645967141,0.477701201338987,1.02869719219778,0.32435075389164,-0.168622632122803,-0.0861844578547924
2019,"Destruction Island",4,"S",5,0,0,0,0,1,0,2,0,0,0,0,0,0,0,0,0,0,0,25,0,0,0,0,0,0,0,0,15,"#B15928","24",-0.480185896545557,2.11564096558288,-0.106713878949347,0.220391909008629,-1.70095181053646,0.473609972348249,0.526551191431948,0.0208702229776401,0.495732849855758,0.75472642441673
2019,"Destruction Island",1,"S",10,0,0,0,0,0,0,1,0,0,0,0,0,0,0,0,0,0,0,17,0,0,0,0,0,0,0,0,0,"#B15928","24",-0.687773870599285,2.28413094591143,-2.15514634657799,1.17186299283038,-0.0831584892289217,0.576430626597553,0.714646030192507,0.722201581771596,-0.486188873700252,0.0189015730385886
2019,"Destruction Island",2,"S",10,0,0,0,0,0,0,0,2,0,0,0,0,0,0,0,0,0,0,3,0,0,0,0,0,0,0,0,0,"#B15928","24",-0.773584531601272,-0.752899383417347,-1.16824890795988,-1.88624545830145,1.15369512033372,-1.86222638524126,-0.471132359667549,2.20692922692695,2.45225762932332,-0.297451417202273
2019,"Destruction Island",3,"S",10,0,0,0,0,0,0,1,0,0,0,0,0,2,0,0,0,0,0,11,0,0,0,0,0,0,2,0,0,"#B15928","24",-0.326603689582403,1.68322264350821,-1.87873378737021,0.650507999548329,0.231770333212394,1.00164842627131,0.323489290254768,0.940814656302123,-0.322957296651519,0.181334320145173
2019,"Destruction Island",4,"S",10,2,0,0,0,0,0,7,0,0,0,0,2,25,0,0,0,0,0,25,0,0,0,0,0,0,25,0,0,"#B15928","24",-1.28289818880321,2.85791850482585,-1.57734516965063,-0.0861120882635746,-1.41995616137902,-1.90154990870097,-0.716424117797965,-2.26175902177488,-0.955525415990959,-1.11744105886485
2021,"Destruction Island",1,"N",5,10,0,0,0,3,0,8,0,0,0,70,0,5,0,0,0,0,0,0,0,0,0,0,0,0,75,0,0,"#B15928","25",-1.63346926666383,-0.430575400884724,1.66521313683427,0.0645377541033497,0.56791213076327,-1.02381653114875,0.573563990929288,-2.20671100031185,-0.977671141548887,0.0940016085824855
2021,"Destruction Island",2,"N",5,0,0,0,0,7,0,5,0,0,0,0,0,4,0,2,0,0,0,2,0,0,0,0,0,0,6,0,0,"#B15928","25",-2.55714398484123,-0.979992379116779,0.854904997558551,-1.20227108090885,1.23781124707624,-0.914487306706719,0.328126583542751,-1.0351550380327,-1.48680795006422,-0.185893729766979
2021,"Destruction Island",3,"N",5,0,0,0,0,5,0,14,0,0,0,0,0,0,0,0,0,0,0,5,0,16,0,0,0,0,16,0,0,"#B15928","25",-2.54126329828262,-0.142701495900246,0.801977139436646,-0.815573027403058,1.06424181713963,-0.866850047236779,-0.105732955238069,-1.01111547977106,-1.17879222586044,0.717415430710613
2021,"Destruction Island",4,"N",5,0,0,0,0,3,0,4,0,0,0,0,0,0,0,0,0,0,0,19,0,0,0,0,0,0,0,0,0,"#B15928","25",-1.92135549665703,1.48497666983056,0.367969127805522,0.255425578753171,-0.248376411201569,-0.610087765627207,0.398074822729868,-0.683795656021925,-0.61418929400493,0.970896992213021
2021,"Destruction Island",1,"N",10,0,0,0,0,0,1,3,0,0,0,1,0,25,0,0,1,0,0,2,0,0,0,0,0,0,26,0,0,"#B15928","25",1.1668376227527,1.18625795507383,2.44995799845463,-1.72791942716886,0.815626750608025,-0.530246638337787,-0.535156311928572,1.51726270045476,-1.58669650934325,-1.06111715810323
2021,"Destruction Island",2,"N",10,0,0,0,0,1,0,5,2,0,0,0,0,11,0,0,0,0,0,14,0,0,0,0,0,0,11,0,0,"#B15928","25",-1.58997094356293,2.05437022456654,0.516327722165372,-0.566144914146826,-0.575387667422604,-1.5657156679309,1.43668164394252,-0.0964577508165342,1.67118129422254,0.689836799822807
2021,"Destruction Island",3,"N",10,0,0,0,0,5,0,8,0,0,0,0,0,4,0,0,0,0,0,0,0,0,0,0,0,0,4,0,0,"#B15928","25",-2.38712944482455,-0.825475614744611,1.58596939275131,0.448970738807555,1.45195371837023,-1.09824401519449,0.109627761464824,-2.35847408892477,-1.4614096620779,0.132427375202043
2021,"Destruction Island",1,"S",5,0,0,0,0,2,0,1,0,0,0,0,0,20,0,0,0,0,0,0,0,0,0,0,0,0,20,0,0,"#B15928","25",-0.320923351507293,-0.980006260709956,0.448572409961342,1.42000704537617,-0.0421825499764742,1.38741396699621,0.629364413027152,-0.330184714167011,-0.0403043968234168,-0.55662632897249
2021,"Destruction Island",2,"S",5,0,0,0,0,3,0,5,0,0,0,20,0,80,0,1,0,0,0,0,0,0,0,0,0,0,101,0,0,"#B15928","25",-1.23527145580968,-0.514110412837638,1.74363413808849,0.0792734361818096,0.576098241508755,-0.539213176794867,0.327216942266307,-1.89324929765926,-0.752286010660041,0.312536839205772
2021,"Destruction Island",4,"S",5,0,0,0,0,1,0,2,0,0,0,0,0,2,0,0,0,0,0,2,0,1,0,0,0,0,3,0,0,"#B15928","25",0.267416321285887,-0.294380825020782,0.636822763707966,-1.70486959976396,-0.848258022303221,0.868185713803791,0.543707970739951,0.265497992881091,0.418752024266943,0.0421225033587651
2016,"Cape Johnson",1,"S",5,0,0,0,0,1,0,1,0,0,0,0,0,42,0,0,0,0,0,3,0,1,0,0,0,0,43,0,0,"#6A3D9A","21",-0.356708503082258,-0.262935502703962,-0.431556498693858,-0.761523196261751,-0.834639330924438,1.00583756548228,1.42191717546419,0.774752060709017,0.224928950988877,-0.333208100523842
2016,"Cape Johnson",2,"S",5,0,0,0,0,1,0,2,0,0,0,0,0,21,0,0,0,0,0,2,0,0,0,0,0,0,21,0,0,"#6A3D9A","21",0.267416321285887,-0.294380825020782,0.636822763707966,-1.70486959976396,-0.848258022303221,0.86818571380379,0.543707970739951,0.265497992881091,0.418752024266943,0.042122503358765
2016,"Cape Johnson",3,"S",5,0,0,0,0,1,0,0,0,0,0,0,0,0,0,0,0,0,0,0,0,0,0,0,0,0,0,0,0,"#6A3D9A","21",0.638503876513442,-1.59675158338987,0.496517161661402,0.662748777121918,-1.82748223842586,-0.533125913837752,0.675112690964085,-0.0611715612475136,0.493696638321916,0.670633339141366
2016,"Cape Johnson",4,"S",5,0,0,0,0,0,0,2,0,0,0,0,0,5,0,0,0,0,0,0,0,0,0,0,0,0,5,0,0,"#6A3D9A","21",2.01670464352173,0.268006392012599,0.365016020870145,-0.168314914490755,0.67607074540615,0.981835500674269,-0.651218740882536,-0.782272088467415,0.194254685575077,0.401321187184874
2016,"Cape Johnson",1,"S",10,0,0,0,0,0,0,0,0,0,0,0,0,6,0,0,0,0,0,0,0,0,0,0,0,0,6,0,0,"#6A3D9A","21",1.98136949700232,-1.02749678359978,-1.19107187028062,1.02153490148472,0.110040960923536,-1.3782916215908,-0.532664453320462,-0.0344238797916179,-0.434228170971757,0.866041327613132
2016,"Cape Johnson",2,"S",10,0,0,0,0,0,0,1,0,0,0,0,0,9,0,0,0,0,0,0,0,0,0,0,0,0,9,0,0,"#6A3D9A","21",1.31584091150809,-0.0220876849442562,-0.983121027150314,0.977136082898599,0.776187528335407,0.774604188878129,0.761029946129728,-0.312462785487768,-0.253945549633062,-0.494497930896006
2016,"Cape Johnson",3,"S",10,0,0,0,0,0,0,1,0,0,0,0,0,10,0,0,0,0,0,11,0,0,0,0,0,0,10,0,0,"#6A3D9A","21",-0.326603689582404,1.68322264350821,-1.87873378737021,0.650507999548328,0.231770333212393,1.00164842627131,0.323489290254767,0.940814656302122,-0.322957296651518,0.181334320145172
2016,"Cape Johnson",4,"S",10,0,0,0,0,0,0,1,0,0,0,0,0,3,0,0,0,0,0,0,0,0,0,0,0,0,3,0,0,"#6A3D9A","21",1.31584091150809,-0.0220876849442558,-0.983121027150314,0.977136082898598,0.776187528335407,0.774604188878128,0.761029946129728,-0.312462785487768,-0.253945549633062,-0.494497930896006
2016,"Cape Johnson",5,"S",10,0,0,0,0,0,0,1,0,0,0,0,0,25,0,0,0,0,0,0,0,0,0,0,0,0,25,0,0,"#6A3D9A","21",1.31584091150809,-0.0220876849442559,-0.983121027150314,0.977136082898598,0.776187528335406,0.774604188878128,0.761029946129729,-0.312462785487768,-0.253945549633062,-0.494497930896006
2016,"Cape Johnson",6,"S",10,0,0,0,1,0,0,0,0,0,0,0,0,6,0,0,0,0,0,0,0,0,0,0,0,0,6,0,0,"#6A3D9A","21",1.98136949700232,-1.02749678359978,-1.19107187028062,1.02153490148472,0.110040960923537,-1.3782916215908,-0.532664453320461,-0.034423879791618,-0.434228170971758,0.86604132761313
2017,"Cape Johnson",1,"N",5,0,0,0,0,0,0,1,0,0,0,0,1,0,0,0,0,0,0,2,0,0,0,0,0,0,0,0,0,"#6A3D9A","22",0.124351651915214,-0.564359578025473,-2.49585001722813,-1.39736132974876,-0.976116755982612,0.774944230136524,-1.31249424241736,-0.707920691278023,-0.271141324241197,-3.83018135340596
2017,"Cape Johnson",2,"N",5,0,0,0,0,0,0,0,0,0,0,0,0,0,0,0,0,0,0,0,0,0,0,0,0,0,0,0,0,"#6A3D9A","22",1.98136949700232,-1.02749678359978,-1.19107187028062,1.02153490148472,0.110040960923536,-1.3782916215908,-0.532664453320461,-0.0344238797916181,-0.434228170971757,0.86604132761313
2017,"Cape Johnson",3,"N",5,0,0,0,0,1,0,0,0,0,0,1,0,1,0,0,0,0,0,0,0,0,0,0,0,0,2,0,0,"#6A3D9A","22",0.638503876513442,-1.59675158338987,0.496517161661403,0.66274877712192,-1.82748223842586,-0.533125913837752,0.675112690964085,-0.0611715612475128,0.493696638321916,0.670633339141367
2017,"Cape Johnson",4,"N",5,0,0,0,0,4,0,0,0,0,0,0,0,0,0,0,0,0,0,6,0,0,0,0,0,0,0,0,0,"#6A3D9A","22",-1.800528271754,-1.13283327181801,-0.0805997435549864,-0.153456827844571,-0.244829441314698,0.129385498423249,-1.06137714665488,0.883860638306434,-0.340012122687905,1.30061846223039
2017,"Cape Johnson",5,"N",5,0,0,0,0,1,0,0,0,0,0,1,0,0,0,0,0,0,0,0,0,0,0,0,0,0,1,0,0,"#6A3D9A","22",0.638503876513441,-1.59675158338987,0.496517161661401,0.662748777121919,-1.82748223842586,-0.533125913837752,0.675112690964086,-0.0611715612475133,0.493696638321916,0.670633339141366
2017,"Cape Johnson",1,"S",10,0,0,0,0,0,0,1,0,0,0,0,0,0,0,0,0,0,0,0,0,0,0,0,0,0,0,0,0,"#6A3D9A","22",1.31584091150809,-0.0220876849442557,-0.983121027150314,0.977136082898599,0.776187528335406,0.774604188878129,0.761029946129729,-0.312462785487768,-0.253945549633062,-0.494497930896006
2017,"Cape Johnson",2,"S",10,0,0,0,0,0,0,0,0,0,0,0,0,0,0,0,0,0,0,1,0,0,0,0,0,0,0,0,0,"#6A3D9A","22",0.523570105395187,-1.48923412405258,-1.89187524912947,-1.80467407420471,-0.0392449765768331,-1.49221397523523,0.657154651593342,1.17999423507962,-1.40578672878095,-0.380880226043192
2017,"Cape Johnson",3,"S",10,0,0,0,0,0,0,0,0,0,0,0,0,0,0,0,0,0,0,0,0,0,0,0,0,0,0,0,0,"#6A3D9A","22",1.98136949700232,-1.02749678359978,-1.19107187028062,1.02153490148472,0.110040960923536,-1.3782916215908,-0.53266445332046,-0.0344238797916178,-0.434228170971757,0.866041327613129
2017,"Cape Johnson",4,"S",10,0,0,0,0,0,0,0,0,0,0,0,0,0,0,0,0,0,0,0,0,0,0,0,0,0,0,0,0,"#6A3D9A","22",1.98136949700232,-1.02749678359978,-1.19107187028062,1.02153490148472,0.110040960923536,-1.3782916215908,-0.53266445332046,-0.0344238797916178,-0.434228170971757,0.866041327613128
2018,"Cape Johnson",1,"N",5,0,0,0,0,4,0,3,1,0,0,0,0,1,0,0,0,0,0,0,0,0,0,0,0,1,2,0,0,"#6A3D9A","23",-1.78323650109422,-0.982798303466003,2.08414111207384,0.197653697460002,1.87322047045951,-0.592471074406186,-0.634020222605987,-0.856518208554647,1.62663712580719,-0.0155360132603668
2018,"Cape Johnson",2,"N",5,0,0,0,0,3,0,2,0,0,0,0,0,0,0,0,0,0,0,1,0,0,0,0,0,0,0,0,0,"#6A3D9A","23",-0.770841197604849,-1.0948575731607,1.00469521667917,-0.968323873645315,0.325623496500446,0.823488333467278,-0.0868674706281155,-0.0285078577198456,-0.374567915528519,-0.386484768485274
2018,"Cape Johnson",3,"N",5,0,0,0,0,3,0,1,0,0,0,0,0,0,0,0,0,0,0,4,0,0,0,0,0,0,0,0,0,"#6A3D9A","23",-1.3975598513382,-0.665171329530094,-0.192664474364512,-0.0354285467681519,0.281241524216072,1.1515147936756,0.352667408516689,0.633817947602845,-0.280596038886464,-0.162852050762139
2018,"Cape Johnson",4,"N",5,0,0,0,0,1,0,0,0,0,0,0,0,0,0,0,0,0,0,0,0,0,0,0,0,0,0,0,0,"#6A3D9A","23",0.638503876513441,-1.59675158338987,0.496517161661402,0.66274877712192,-1.82748223842586,-0.533125913837751,0.675112690964085,-0.0611715612475123,0.493696638321915,0.670633339141366
2018,"Cape Johnson",1,"N",10,0,0,0,0,0,0,1,0,0,0,0,0,0,0,0,0,0,0,0,0,0,0,0,0,0,0,0,0,"#6A3D9A","23",1.31584091150809,-0.0220876849442554,-0.983121027150315,0.977136082898598,0.776187528335406,0.774604188878127,0.76102994612973,-0.312462785487769,-0.253945549633063,-0.494497930896007
2018,"Cape Johnson",2,"N",10,0,0,0,0,1,0,0,0,0,0,1,0,0,0,0,0,0,0,0,0,0,0,0,0,0,1,0,0,"#6A3D9A","23",0.638503876513442,-1.59675158338987,0.496517161661401,0.66274877712192,-1.82748223842586,-0.533125913837751,0.675112690964086,-0.0611715612475124,0.493696638321916,0.670633339141366
2018,"Cape Johnson",3,"N",10,0,0,0,0,0,0,0,0,0,0,0,0,0,0,0,0,0,0,0,0,0,0,0,0,0,0,0,0,"#6A3D9A","23",1.98136949700232,-1.02749678359978,-1.19107187028062,1.02153490148472,0.110040960923537,-1.3782916215908,-0.532664453320462,-0.0344238797916175,-0.434228170971757,0.866041327613129
2019,"Cape Johnson",1,"N",5,0,0,0,0,3,0,2,0,0,0,0,0,3,0,0,0,0,0,1,0,0,0,0,0,0,3,0,0,"#6A3D9A","24",-0.770841197604849,-1.0948575731607,1.00469521667917,-0.968323873645316,0.325623496500446,0.823488333467278,-0.086867470628115,-0.0285078577198455,-0.374567915528519,-0.386484768485274
2019,"Cape Johnson",2,"N",5,0,0,0,0,2,0,2,0,0,0,0,0,7,0,0,0,0,0,3,0,0,0,0,0,0,7,0,0,"#6A3D9A","24",-0.269424697044334,-0.471104132208754,0.864777897571201,-1.22130645395488,-0.227279615456983,1.14404773698623,-0.41867889299847,0.303624911216027,0.292262219827467,0.264198053447173
2019,"Cape Johnson",3,"N",5,0,0,0,0,1,0,3,0,0,0,1,0,5,0,0,0,0,0,2,0,0,0,0,0,0,6,0,0,"#6A3D9A","24",-0.104724711734945,-0.0964924428927306,0.800843334620612,-2.02659943373189,-0.788200845459916,0.0540481182350143,1.06824057147976,-0.158137349235462,0.11781393535792,0.149551762866374
2019,"Cape Johnson",4,"N",5,11,0,0,0,1,0,1,0,0,0,0,0,0,0,12,0,0,0,0,0,0,0,0,0,0,12,0,0,"#6A3D9A","24",0.420566001972447,-0.47953437894013,0.162631265955488,0.918560085252628,-0.849917813266805,1.13831742706475,1.58039171638952,-0.276866638587991,0.307111182865369,-0.460118403564689
2019,"Cape Johnson",1,"N",10,0,0,0,1,0,0,2,0,0,0,0,0,2,0,0,0,0,0,0,0,0,0,0,0,0,2,0,0,"#6A3D9A","24",2.01670464352173,0.268006392012598,0.365016020870145,-0.168314914490755,0.676070745406151,0.981835500674269,-0.651218740882537,-0.782272088467415,0.194254685575078,0.401321187184875
2019,"Cape Johnson",2,"N",10,0,0,0,0,0,0,0,0,0,0,0,0,1,0,0,0,0,0,0,0,0,0,0,0,0,1,0,0,"#6A3D9A","24",1.98136949700232,-1.02749678359978,-1.19107187028062,1.02153490148472,0.110040960923538,-1.3782916215908,-0.532664453320462,-0.0344238797916162,-0.434228170971757,0.866041327613129
2019,"Cape Johnson",3,"N",10,0,0,0,0,30,0,0,0,0,0,50,0,6,0,0,0,0,0,5,0,0,0,0,0,0,56,0,0,"#6A3D9A","24",-2.85757292461789,-1.65728706398906,0.0379286166705719,0.457936867210932,1.2564640913027,0.0462661005517679,-2.07436299595696,0.663526057947905,-1.02691864400535,1.05428760300667
2019,"Cape Johnson",1,"S",5,0,0,0,0,1,0,0,0,0,0,0,0,0,0,3,0,0,0,0,0,0,0,0,0,0,3,0,0,"#6A3D9A","24",0.638503876513442,-1.59675158338987,0.496517161661401,0.66274877712192,-1.82748223842586,-0.53312591383775,0.675112690964085,-0.0611715612475127,0.493696638321916,0.670633339141365
2019,"Cape Johnson",2,"S",5,0,200,0,0,0,0,1,0,0,0,0,0,0,0,0,0,0,0,1,0,0,0,0,0,0,0,0,0,"#6A3D9A","24",0.208299865273313,-0.395927624356785,-1.48919981857945,-0.839515265253621,0.783649670576881,0.499983260543539,1.4542098115987,0.689473737522406,-0.844628237688802,-1.20397877856502
2019,"Cape Johnson",3,"S",5,0,0,0,0,4,0,5,0,0,0,0,0,1,0,0,0,0,0,0,0,0,0,0,0,0,1,0,0,"#6A3D9A","24",-1.67679498899866,-0.75541744159744,1.71128332965875,0.287919530916387,1.08807248096374,-0.570386899137037,0.050551682965015,-1.98514909617951,-1.01946965148162,0.336894063303558
2019,"Cape Johnson",4,"S",5,1,0,0,0,3,0,7,0,0,0,0,0,0,0,11,0,0,0,0,0,0,0,0,0,0,11,0,0,"#6A3D9A","24",-1.54395688277736,-0.449581042001795,1.66943845303118,0.0608791674892363,0.558487068152523,-0.925149496279134,0.541072913577066,-2.14541832450163,-0.934348270526935,0.133883662735114
2019,"Cape Johnson",1,"S",10,0,0,0,0,1,0,2,0,0,0,0,0,0,0,0,0,0,0,0,0,0,0,0,0,0,0,0,0,"#6A3D9A","24",1.19093272269886,-0.200109409331461,1.37735142110469,-0.158523631667828,-0.944939548499985,1.28717539292069,0.184951911097977,-0.683568110111617,0.78907042691168,0.408996466460074
2019,"Cape Johnson",2,"S",10,0,0,0,0,2,0,3,0,0,0,0,0,3,0,0,0,0,0,0,0,0,0,0,0,0,3,0,0,"#6A3D9A","24",0.0848701219632907,-0.408098582874045,1.85314600407071,-0.0383815258256306,-0.126795094320264,0.577023549169994,-0.139847644010682,-1.18393926372732,0.122575627243618,0.441325342849313
2019,"Cape Johnson",3,"S",10,0,0,0,0,0,0,1,0,0,0,0,0,1,0,0,0,0,0,0,0,0,0,0,0,0,1,0,0,"#6A3D9A","24",1.31584091150809,-0.0220876849442553,-0.983121027150314,0.977136082898598,0.776187528335406,0.774604188878129,0.761029946129729,-0.312462785487768,-0.253945549633063,-0.494497930896006
2019,"Cape Johnson",4,"S",10,0,0,0,0,0,0,0,0,0,0,0,0,0,0,0,0,0,0,0,0,0,0,0,0,0,0,0,0,"#6A3D9A","24",1.98136949700232,-1.02749678359978,-1.19107187028062,1.02153490148472,0.110040960923537,-1.3782916215908,-0.532664453320461,-0.034423879791617,-0.434228170971758,0.866041327613128
2021,"Cape Johnson",1,"N",5,0,0,0,0,0,0,2,0,1,0,0,0,0,0,16,0,0,0,0,0,0,0,0,0,0,16,0,0,"#6A3D9A","25",2.01670464352173,0.268006392012599,0.365016020870146,-0.168314914490755,0.676070745406151,0.98183550067427,-0.651218740882538,-0.782272088467415,0.194254685575079,0.401321187184874
2021,"Cape Johnson",2,"N",5,0,0,0,0,0,0,2,0,0,0,0,0,0,0,0,0,0,0,0,0,0,0,0,0,0,0,0,0,"#6A3D9A","25",2.01670464352173,0.268006392012599,0.365016020870146,-0.168314914490756,0.676070745406151,0.981835500674269,-0.651218740882538,-0.782272088467414,0.194254685575078,0.401321187184874
2021,"Cape Johnson",3,"N",5,0,0,0,0,1,0,2,0,0,0,0,0,0,0,0,0,0,0,1,0,0,0,0,0,0,0,0,0,"#6A3D9A","25",0.322143276003555,-0.404950872239033,0.75767734379426,-1.55782555221965,-0.855670246602639,0.725230321651589,0.910997483227628,0.142248765747936,0.222515027599834,-0.265942205053915
2021,"Cape Johnson",4,"N",5,0,0,0,0,1,0,0,0,0,0,0,0,9,0,35,0,0,0,0,0,0,0,0,0,0,44,0,0,"#6A3D9A","25",0.638503876513442,-1.59675158338987,0.496517161661401,0.66274877712192,-1.82748223842586,-0.533125913837749,0.675112690964084,-0.0611715612475125,0.493696638321916,0.670633339141366
2021,"Cape Johnson",1,"N",10,0,0,0,0,0,0,1,0,0,0,0,0,0,0,0,0,0,0,0,0,0,0,0,0,5,5,0,0,"#6A3D9A","25",1.31584091150809,-0.0220876849442556,-0.983121027150315,0.977136082898598,0.776187528335406,0.774604188878128,0.76102994612973,-0.312462785487769,-0.253945549633063,-0.494497930896007
2021,"Cape Johnson",2,"N",10,0,0,0,1,1,0,0,0,0,0,0,0,20,0,9,0,0,0,0,0,0,0,0,0,0,29,0,0,"#6A3D9A","25",0.638503876513443,-1.59675158338987,0.496517161661402,0.662748777121919,-1.82748223842586,-0.533125913837749,0.675112690964084,-0.0611715612475127,0.493696638321917,0.670633339141366
2021,"Cape Johnson",3,"N",10,0,0,0,0,0,0,0,1,0,0,0,0,1,0,0,0,0,0,0,0,0,0,0,0,0,1,0,0,"#6A3D9A","25",0.355610321362255,-0.811118596729327,-0.531118317175373,0.906159905843609,1.61455374832421,-3.15801051386673,-0.50098078233385,0.858933979526408,3.31148104730669,-0.106043125031124
2021,"Cape Johnson",4,"N",10,0,0,0,0,0,0,1,1,0,0,0,0,12,0,0,0,0,0,0,0,0,0,0,0,0,12,0,0,"#6A3D9A","25",0.106775554401351,0.0824296894206769,-0.863258373895074,0.999126877711464,1.84625246548923,-0.304808946618485,1.03217049523259,0.3191243664451,2.21624760351045,-1.33634528044327
2021,"Cape Johnson",1,"S",5,0,0,0,0,0,0,1,0,0,0,0,0,0,0,4,0,0,0,0,0,0,0,0,0,0,4,0,0,"#6A3D9A","25",1.31584091150809,-0.022087684944256,-0.983121027150315,0.977136082898598,0.776187528335406,0.774604188878128,0.761029946129729,-0.312462785487769,-0.253945549633063,-0.494497930896007
2021,"Cape Johnson",2,"S",5,1,0,0,0,0,0,2,1,0,0,0,0,0,0,0,0,0,0,0,0,0,0,0,0,0,0,0,0,"#6A3D9A","25",1.0501659444356,0.333592404900667,0.660183054899627,-0.3031178295844,1.63556389298112,-0.00382271484268082,-0.618203750146546,-0.171208468190478,2.62281216740816,-0.240171187616408
2021,"Cape Johnson",3,"S",5,0,0,0,0,0,0,0,0,0,0,0,0,0,0,0,0,0,0,0,0,0,0,0,0,0,0,0,0,"#6A3D9A","25",1.98136949700232,-1.02749678359978,-1.19107187028062,1.02153490148472,0.110040960923538,-1.3782916215908,-0.532664453320461,-0.0344238797916156,-0.434228170971758,0.866041327613128
2021,"Cape Johnson",4,"S",5,0,0,0,0,0,0,0,0,0,0,0,0,32,0,0,0,0,0,0,0,0,0,0,0,0,32,0,0,"#6A3D9A","25",1.98136949700232,-1.02749678359978,-1.19107187028062,1.02153490148472,0.110040960923538,-1.3782916215908,-0.532664453320461,-0.0344238797916163,-0.434228170971758,0.866041327613128
2021,"Cape Johnson",1,"S",10,0,0,0,0,0,0,2,0,0,0,0,0,2,0,0,0,0,0,0,0,0,0,0,0,0,2,0,0,"#6A3D9A","25",2.01670464352173,0.268006392012599,0.365016020870146,-0.168314914490755,0.676070745406151,0.98183550067427,-0.651218740882538,-0.782272088467415,0.194254685575078,0.401321187184874
2021,"Cape Johnson",2,"S",10,0,0,0,0,0,0,4,0,0,0,0,0,0,0,0,0,0,0,0,0,0,0,0,0,0,0,1,0,"#6A3D9A","25",0.975455266296475,0.78365164157284,0.497389778794662,-0.580885410665055,0.830444444894882,-0.769807247145858,0.629271815393151,-1.7541236883594,-0.627978838747681,0.463891133340359
2021,"Cape Johnson",3,"S",10,0,0,0,1,0,0,3,1,0,0,0,0,0,0,0,0,0,0,0,0,0,0,0,0,0,0,0,0,"#6A3D9A","25",0.485126955154792,0.639579070457092,0.858307710922418,-0.671855541007844,1.72307988884131,-1.13512331965939,0.183300603444433,-0.73599312526282,2.13187057024688,-0.0471683399363395
2021,"Cape Johnson",4,"S",10,0,0,0,0,0,0,1,0,0,0,0,0,6,0,0,0,0,0,0,0,0,0,0,0,2,8,0,0,"#6A3D9A","25",1.31584091150809,-0.0220876849442561,-0.983121027150314,0.977136082898598,0.776187528335406,0.774604188878129,0.761029946129727,-0.312462785487768,-0.253945549633062,-0.494497930896006
2016,"Cape Alava",1,"W",5,0,0,0,0,4,0,0,0,0,0,0,0,1,0,0,0,0,0,6,0,0,0,0,0,0,1,0,0,"#E31A1C","21",-1.800528271754,-1.13283327181801,-0.0805997435549868,-0.153456827844572,-0.244829441314698,0.129385498423248,-1.06137714665488,0.883860638306433,-0.340012122687904,1.30061846223039
2016,"Cape Alava",2,"W",5,0,0,0,0,7,0,0,0,0,0,0,0,105,0,0,0,0,0,3,0,1,0,0,0,0,106,0,0,"#E31A1C","21",-2.53899131554704,-2.3325490628011,-0.0543402714887344,-0.478683431626444,0.581788987840629,-0.263030140504155,-0.96514419976732,0.669773479965442,-0.998145650415366,0.349706538472621
2016,"Cape Alava",3,"W",5,0,0,0,0,5,0,2,0,0,0,0,0,137,0,0,0,0,0,4,0,2,0,0,0,0,139,0,0,"#E31A1C","21",-1.21167070477853,-0.741231020287448,0.788827149760954,-0.660192657554911,0.783066808279378,1.17437211681578,-1.07274348637294,0.141973433598654,-0.193616245269079,0.54080249512577
2016,"Cape Alava",4,"W",5,0,0,0,0,3,0,0,0,0,0,0,0,70,0,0,0,0,0,0,0,0,0,0,0,0,70,0,0,"#E31A1C","21",-1.24687235360562,-2.68541150499932,0.928358029476312,1.58287158979107,0.147944113651902,-0.302029904431783,-0.890957558194436,-0.350652450090749,-0.40120538271082,0.636657898943459
2016,"Cape Alava",5,"W",5,0,0,1,0,2,0,0,0,0,0,0,1,58,0,0,0,0,0,3,0,0,0,0,0,0,58,0,0,"#E31A1C","21",-0.751297689488266,-1.93818958740922,-0.814627335794398,-1.73417471892799,-3.02753809297603,-0.0630283503342738,-2.7689264805486,-0.612936773335187,0.45095845217254,-2.53248752573649
2016,"Cape Alava",6,"W",5,0,0,0,0,4,0,0,1,0,0,0,0,93,0,0,0,0,0,5,0,0,0,0,0,3,96,0,0,"#E31A1C","21",-2.58424526443866,-1.41434834076031,0.393254715960194,-0.423632059038077,0.916887587752336,-0.881209838989175,-1.03826510035606,1.5083511031797,2.02952647056382,0.489979873005846
2016,"Cape Alava",1,"W",10,0,0,0,0,6,0,1,1,0,0,0,0,3,0,0,0,0,0,0,0,0,0,0,0,0,3,0,0,"#E31A1C","21",-2.93125680492214,-1.7907834272585,0.607710169869864,2.01661501921888,2.63380316563592,0.108333708701035,-0.141145730495028,-0.0949738359121506,1.29572664715444,-1.2256113048166
2016,"Cape Alava",2,"W",10,0,0,0,0,11,0,4,0,0,0,0,0,11,0,0,0,0,0,2,0,0,0,0,0,0,11,0,0,"#E31A1C","21",-2.56127186871607,-1.14104551912296,0.902722809910223,-1.05376938706315,1.47792578406546,-0.569059060407132,-0.136534171221588,-0.899311685905239,-1.46138705421988,-0.113940337199977
2016,"Cape Alava",3,"W",10,0,0,0,0,0,0,0,1,0,0,0,0,3,0,0,0,0,0,0,0,0,0,0,0,0,3,0,0,"#E31A1C","21",0.355610321362257,-0.811118596729326,-0.531118317175372,0.906159905843607,1.61455374832421,-3.15801051386673,-0.500980782333853,0.858933979526409,3.31148104730669,-0.106043125031123
2016,"Cape Alava",4,"W",10,0,0,0,0,6,0,3,1,0,0,0,0,29,0,0,0,0,0,8,0,0,0,0,0,0,29,0,0,"#E31A1C","21",-2.26279098255522,0.153885619498553,1.00597541263161,-0.270087075900224,1.47288878250449,-0.311623591436793,-0.828516268625552,0.215183978823247,1.23825879739214,0.739279400876165
2016,"Cape Alava",5,"W",10,0,0,0,0,8,0,2,0,0,0,0,0,5,0,0,0,0,0,5,0,0,0,0,0,1,6,0,0,"#E31A1C","21",-1.45751733813135,-0.651158548200601,0.761988180537168,-0.356007217780894,1.04720967783686,1.27658210354173,-1.4526435819287,0.133328894918207,-0.282166259889293,0.760247963911033
2016,"Cape Alava",6,"W",10,0,0,0,0,8,0,1,0,0,0,0,0,0,0,0,0,0,0,14,0,0,0,0,0,0,0,0,0,"#E31A1C","21",-2.52378320804669,0.583718511372013,-0.720937176360239,1.66064371272507,0.506641992721863,0.723004044739859,0.0861383279199844,0.322170720262785,-0.742251077401928,0.232433193572335
2017,"Cape Alava",1,"E",5,0,0,0,0,9,0,1,0,0,0,3,0,2,0,0,0,0,0,5,0,0,0,0,0,0,5,0,0,"#E31A1C","22",-2.2556164997921,-0.847145645448501,-0.294538944723597,0.551429367486312,1.16136354379215,1.21213887957353,-0.350255680653291,0.501571854825423,-0.713981971459156,-0.00438038185489659
2017,"Cape Alava",2,"E",5,0,0,0,0,4,0,0,0,0,0,0,0,0,0,0,0,0,0,1,0,0,0,0,0,0,0,0,0,"#E31A1C","22",-2.25659040291712,-2.786419744224,0.107312908418063,-0.65718788062538,0.11834661478063,-0.807447940228474,0.227315680663477,0.540141748345536,-1.29062605952861,-0.622651154749733
2017,"Cape Alava",3,"E",5,0,0,0,0,3,0,0,1,0,0,0,0,0,0,0,0,0,0,13,0,0,0,0,0,0,0,0,0,"#E31A1C","22",-2.47412322006216,0.469213454143512,-0.16421180356924,0.818443984224328,-0.228758123971819,-1.16216104735769,-0.405376340800456,1.32547806883162,2.08835241398465,0.799005605547707
2017,"Cape Alava",4,"E",5,0,0,0,0,10,0,2,0,0,0,0,0,1,0,0,0,0,0,12,0,0,0,0,0,0,1,0,0,"#E31A1C","22",-1.76541991061077,0.46708067556215,0.402476101763944,0.674899974099461,0.673649518233424,0.984634043340469,-1.31468953940984,0.0158095755934751,-0.356227902547848,1.01856465856265
2017,"Cape Alava",1,"E",10,0,0,0,0,0,0,1,0,0,0,0,0,0,0,0,0,0,0,4,0,0,0,0,0,0,0,0,0,"#E31A1C","22",0.0299693358830413,0.231661960410697,-1.56622313286313,-0.54680097714666,0.879307059678057,1.21050464513021,0.332516696424216,1.05670664689157,-0.373078267886513,-0.125639253855025
2017,"Cape Alava",2,"E",10,0,0,0,0,1,0,2,0,0,0,0,0,0,0,0,0,0,0,12,0,0,0,0,0,0,0,0,0,"#E31A1C","22",-0.0267204434143528,1.43234655261228,0.253487210354742,-0.381148079502409,-1.37728456228676,0.995328767985267,0.161588971926507,0.327979602700892,0.714927052466944,0.961203600499885
2017,"Cape Alava",3,"E",10,0,0,0,0,0,0,4,0,0,0,0,0,0,0,0,0,0,0,24,0,0,0,0,0,0,0,0,0,"#E31A1C","22",-0.943067254265227,2.8830829465274,-0.816114846283986,0.0344921471222474,-0.00667671737504558,-1.08367303927576,0.625258920946918,-0.649686690438784,-0.871801883051748,1.04397507469272
2017,"Cape Alava",5,"E",10,0,0,0,0,0,0,2,0,0,0,0,0,0,0,0,0,0,0,14,0,0,0,0,0,0,0,0,0,"#E31A1C","22",0.229897327976689,2.09149718145268,-0.711251445758028,-0.0770989105395783,0.0551018445147806,0.876841717373872,-0.762819128701913,0.400911841889534,0.0211670263206208,0.963519813840451
2017,"Cape Alava",6,"E",10,0,0,0,0,2,0,1,0,0,0,0,0,0,0,0,0,0,0,0,0,0,0,0,0,0,0,0,0,"#E31A1C","22",-0.320923351507292,-0.980006260709957,0.448572409961343,1.42000704537617,-0.0421825499764737,1.38741396699622,0.62936441302715,-0.33018471416701,-0.0403043968234161,-0.55662632897249
2017,"Cape Alava",1,"W",5,0,0,0,0,7,0,1,0,0,0,0,0,0,0,0,0,0,0,3,0,0,0,0,0,0,0,0,0,"#E31A1C","22",-2.25220793162455,-1.31080082134426,-0.296705553645616,0.163545640623971,1.12045787710393,0.982164047281545,0.0916521732369713,0.408335622112243,-0.851579456830165,-0.591584400049007
2017,"Cape Alava",2,"W",5,0,0,0,0,0,0,1,0,0,0,0,0,2,0,0,0,0,0,1,0,0,0,0,0,0,2,0,0,"#E31A1C","22",0.208299865273314,-0.395927624356784,-1.48919981857945,-0.839515265253622,0.78364967057688,0.499983260543538,1.4542098115987,0.689473737522406,-0.844628237688802,-1.20397877856502
2017,"Cape Alava",3,"W",5,0,0,0,0,1,0,0,0,0,0,0,0,1,0,0,0,0,0,1,0,0,0,0,0,0,1,0,0,"#E31A1C","22",-0.22303252661434,-1.70021415237914,-0.217677634754158,-1.67825259323653,-2.00532482778779,-0.805818614132753,1.66306297706081,0.9655570554949,-0.226631348977002,-0.382420432671484
2017,"Cape Alava",4,"W",5,0,0,0,0,3,0,2,0,0,0,0,0,1,0,0,0,0,0,7,0,0,0,0,0,0,1,0,0,"#E31A1C","22",-0.7542875545004,0.113555823588965,0.729921125940217,-0.411321028318525,0.0547287873005019,1.25226801383563,-0.910529670790732,0.274879215172001,0.196601672147431,0.909117075585131
2017,"Cape Alava",1,"W",10,0,0,0,0,0,0,3,0,0,0,0,1,0,0,0,0,0,0,2,0,0,0,0,0,0,0,0,0,"#E31A1C","22",0.450209577892763,-0.121618586339896,-0.83688285759175,-2.74978031184122,-0.829678808633051,-0.0922486457035019,-1.95833711864596,-1.60693393840686,-0.1927512640197,-2.44697519571646
2017,"Cape Alava",2,"W",10,0,0,0,0,0,0,2,0,0,0,0,0,0,0,0,0,0,0,10,0,0,0,0,0,0,0,0,0,"#E31A1C","22",0.448584204351443,1.60898372562938,-0.532658721422469,-0.483579675029022,0.301934467104224,1.1401983596628,-1.02184307913685,0.51845363835707,0.10146786390093,1.02451304788397
2017,"Cape Alava",3,"W",10,0,0,0,0,2,0,2,0,0,0,0,0,0,0,0,0,0,0,5,0,0,0,0,0,0,0,0,0,"#E31A1C","22",-0.263512693021015,-0.0372522013813975,0.831023679379719,-0.885599704114011,-0.270188887143255,1.33372627668119,-0.686760940736977,0.393810057049582,0.431085818862669,0.730707673488931
2017,"Cape Alava",4,"W",10,0,0,0,0,4,0,2,0,0,0,0,1,0,0,0,0,0,0,11,0,0,1,0,0,0,0,0,0,"#E31A1C","22",-1.22905954844,0.44441528935633,-0.275777099914238,0.216867006167696,-1.11988079692189,1.03315511151006,-2.91203596224743,-1.14935662695897,0.201025045965142,-1.0423180366514
2017,"Cape Alava",5,"W",10,0,0,0,0,0,0,1,0,0,0,0,0,0,0,0,0,0,0,0,0,0,0,0,0,0,0,0,0,"#E31A1C","22",1.31584091150809,-0.0220876849442562,-0.983121027150314,0.977136082898598,0.776187528335407,0.774604188878129,0.761029946129727,-0.312462785487768,-0.253945549633063,-0.494497930896007
2018,"Cape Alava",1,"E",5,0,0,0,0,1,0,0,0,0,0,0,0,0,0,0,0,0,0,0,0,0,0,0,0,0,0,0,0,"#E31A1C","23",0.638503876513443,-1.59675158338987,0.496517161661401,0.662748777121919,-1.82748223842586,-0.533125913837748,0.675112690964084,-0.0611715612475121,0.493696638321917,0.670633339141366
2018,"Cape Alava",2,"E",5,0,0,0,0,0,0,0,0,0,0,7,0,0,0,0,0,0,0,5,0,0,0,0,0,0,7,0,0,"#E31A1C","23",0.473704173511755,-0.155027955421585,-1.72499060143883,-1.19932588525665,0.00354897909371509,-0.117440987332269,-1.26405338503511,1.65053473968807,-0.454001668990741,1.64022017029344
2018,"Cape Alava",3,"E",5,0,0,0,0,0,0,0,1,0,0,4,0,0,0,0,0,0,0,3,0,0,0,0,0,0,4,0,0,"#E31A1C","23",-0.673400001671459,-0.824283656793388,-1.21473667651786,-1.84820667508817,1.19347006591797,-1.76555252844082,-0.509791675665467,2.22836742265843,2.31430486413055,-0.199401151080659
2018,"Cape Alava",4,"E",5,0,0,0,0,2,0,1,0,0,0,5,0,0,0,0,0,0,0,1,0,0,0,0,0,0,5,0,0,"#E31A1C","23",-0.925397884374819,-1.04276391355279,-0.0383601779953131,-0.290826987094569,-0.196920677339937,0.796664086161259,1.33570137317242,0.484122257608595,-0.477195656851435,-1.1841627995595
2018,"Cape Alava",1,"E",10,0,0,0,0,0,0,2,0,0,0,0,0,0,0,0,0,0,0,4,0,0,0,0,0,0,0,0,0,"#E31A1C","23",0.67682434963409,0.398163329556533,-0.323527929289257,-1.50698492891519,0.815794850038203,1.22363233773814,-0.860464040173915,0.56795806974894,0.0196930878450485,0.658778762358659
2018,"Cape Alava",2,"E",10,0,0,0,0,8,0,2,0,0,0,0,0,0,0,0,0,0,0,6,0,0,0,0,0,0,0,0,0,"#E31A1C","23",-1.44730409880502,-0.42966128891361,0.725330185687412,-0.194114158861307,0.959148029378109,1.28140298625044,-1.48715620011217,0.138208078876166,-0.247279632717672,0.888297829339264
2018,"Cape Alava",3,"E",10,0,0,0,0,6,0,1,0,0,0,0,0,0,0,0,0,0,0,29,0,0,0,0,0,0,0,0,0,"#E31A1C","23",-2.89701331362327,1.11430545466647,-1.04652655614038,2.14903159016089,0.237806365125677,0.179540869505635,0.461810911155932,0.0177967753591709,-0.955269698589792,-0.00692096369699061
2018,"Cape Alava",4,"E",10,0,0,0,0,1,0,1,0,0,0,0,0,0,0,0,0,0,0,19,0,0,0,0,0,0,0,0,0,"#E31A1C","23",-1.03697217475225,1.88127305743994,-1.12273270670047,0.94568851446032,-1.71620528524584,0.512044003316406,1.69978500568396,0.482284806926105,0.203772248678799,0.0304318265201316
2018,"Cape Alava",1,"W",5,0,0,0,0,2,0,2,0,0,0,0,0,0,0,0,0,0,0,5,0,0,0,0,0,0,0,0,0,"#E31A1C","23",-0.263512693021015,-0.0372522013813974,0.831023679379719,-0.885599704114011,-0.270188887143255,1.33372627668119,-0.686760940736978,0.393810057049581,0.431085818862669,0.730707673488931
2018,"Cape Alava",2,"W",5,0,0,0,0,12,0,0,0,0,0,0,0,0,0,0,0,0,0,1,0,0,0,0,0,4,4,0,0,"#E31A1C","23",-3.36995128044316,-3.11492561680038,0.022041945523032,-0.0476706096375192,1.2064011277381,-0.943186860863828,-0.366262268800937,0.299711212242539,-1.95847152769309,-0.897941679576724
2018,"Cape Alava",3,"W",5,0,0,0,0,3,0,3,0,0,0,0,0,0,0,0,0,0,0,5,0,0,0,0,0,0,0,0,0,"#E31A1C","23",-1.03598443535754,-0.106841995806907,0.990491216265495,-1.01481925255813,0.30638275322203,0.512946470056642,-0.448387383315819,-0.10724122938359,-0.126183164259528,0.904926435782295
2018,"Cape Alava",4,"W",5,0,0,0,0,0,0,5,1,0,0,0,0,0,0,0,0,0,0,0,0,0,0,0,0,0,0,0,0,"#E31A1C","23",-0.432565279630848,0.905222036936809,0.751910525130368,-0.818742757792461,1.81777742492885,-2.50296891462309,1.19830765647838,-1.44266647191591,1.45686354424644,-0.246481336170676
2018,"Cape Alava",1,"W",10,0,0,0,0,0,0,1,0,0,0,0,0,0,0,0,0,0,0,0,0,0,0,0,0,1,1,0,0,"#E31A1C","23",1.31584091150809,-0.0220876849442566,-0.983121027150314,0.977136082898598,0.776187528335407,0.77460418887813,0.761029946129725,-0.312462785487768,-0.253945549633063,-0.494497930896007
2018,"Cape Alava",2,"W",10,0,0,0,0,2,0,0,0,0,0,0,0,0,0,0,0,0,0,8,0,0,0,0,0,0,0,0,0,"#E31A1C","23",-0.916249257954768,-0.137127331398117,-0.218847414048,-0.162336020839448,-1.54966151817343,0.21383204942531,-0.5240555543353,1.08044877007725,0.29053941841999,1.42518203477846
2018,"Cape Alava",3,"W",10,0,0,0,0,1,0,1,0,0,0,0,1,0,0,0,0,0,0,12,0,0,0,0,0,0,0,0,0,"#E31A1C","23",-0.485868293693656,1.19751496332531,-1.46391514562,0.207952987335057,-2.82189195731048,0.969409945876638,-0.51217268750959,-0.432580781325582,0.740571505516003,-1.75534371271527
2018,"Cape Alava",4,"W",10,2,0,0,0,1,0,0,0,0,0,0,0,3,0,0,0,0,0,7,0,0,0,0,0,0,3,0,0,"#E31A1C","23",-0.161380491751958,0.140819354198218,-0.461012647656256,-0.845730697632671,-2.31862743682444,0.0963698835164546,0.257956069262635,1.23453367787139,0.646344126762626,1.56363313661313
2019,"Cape Alava",1,"E",5,0,0,0,0,2,0,1,0,0,0,0,0,0,0,1,0,0,0,0,0,0,0,0,0,0,1,0,0,"#E31A1C","24",-0.320923351507292,-0.980006260709957,0.448572409961342,1.42000704537617,-0.0421825499764737,1.38741396699622,0.62936441302715,-0.33018471416701,-0.0403043968234163,-0.55662632897249
2019,"Cape Alava",2,"E",5,0,0,0,0,4,0,1,0,0,0,0,0,0,0,4,0,0,0,0,0,0,0,0,0,0,4,0,0,"#E31A1C","24",-1.47669019712866,-1.59750439035067,0.395171805136629,1.9607997162955,1.21551722617419,1.39593408956332,0.0218528139630109,-0.54025712919015,-0.65889363591318,-0.523497136121493
2019,"Cape Alava",3,"E",5,1,0,0,0,1,0,1,0,0,0,0,0,0,0,0,0,0,0,4,0,0,0,0,0,0,0,0,0,"#E31A1C","24",-0.355826165483445,-0.0133337439413435,-0.441199190194427,-0.586157761241915,-0.853589434598244,1.13276004635939,1.25761324456168,0.833269061979498,0.312699608562505,-0.0477440066083595
2019,"Cape Alava",4,"E",5,0,0,0,0,2,0,1,0,0,0,0,0,0,0,0,0,0,0,0,0,0,0,0,0,0,0,0,0,"#E31A1C","24",-0.320923351507292,-0.980006260709957,0.448572409961343,1.42000704537617,-0.0421825499764738,1.38741396699622,0.62936441302715,-0.33018471416701,-0.0403043968234162,-0.55662632897249
2019,"Cape Alava",1,"E",10,0,0,0,0,0,0,2,0,0,0,0,0,0,0,1,0,0,0,1,0,0,0,0,0,0,1,0,0,"#E31A1C","24",0.834403250045808,-0.157899407349436,-0.237756894770171,-1.80180193951714,0.728085291355305,0.569939819132086,0.228373349833271,0.209641670211913,-0.445394957949159,-0.366246855020221
2019,"Cape Alava",2,"E",10,0,0,0,0,2,0,1,1,0,0,0,0,0,0,0,0,0,0,5,0,0,0,0,0,0,0,0,0,"#E31A1C","24",-1.5360474024036,-0.204843023079605,0.097584291152086,-0.193323370775577,0.470337130624156,0.521488572150339,0.408751617640517,1.28343063279265,2.00094572861482,-0.449177825437316
2019,"Cape Alava",3,"E",10,0,0,0,0,0,0,7,0,0,0,0,0,0,0,0,0,0,0,1,0,0,0,0,0,0,0,0,0,"#E31A1C","24",-0.767387159772849,0.348385888000182,-0.219757954691094,-2.36254688291308,0.885272613081642,-1.92898252942597,1.98921641955406,-1.19425607637002,-1.71044044408569,-0.687671052948631
2019,"Cape Alava",4,"E",10,0,0,0,0,3,0,3,0,0,0,0,0,0,0,0,0,0,0,8,0,0,0,0,0,0,0,0,0,"#E31A1C","24",-1.1066259974056,0.446616695286918,0.855712641014327,-0.558584051525228,0.0862190323736272,0.471340213209263,-0.451291043880612,-0.124702940228725,-0.0929990303382016,1.10218664707635
2019,"Cape Alava",1,"W",5,0,0,0,0,11,0,0,0,0,0,0,0,0,0,0,0,0,0,8,0,0,0,0,0,0,0,0,0,"#E31A1C","24",-2.5910504233895,-0.849356333697547,-0.283080181736511,0.749699554877964,0.426150451397826,-0.00136808958393322,-1.50775738365569,0.67824946906196,-0.770061158892342,1.37687637620088
2019,"Cape Alava",2,"W",5,0,0,0,0,9,0,2,0,0,0,0,1,0,0,0,0,0,0,19,0,0,2,0,0,0,0,0,0,"#E31A1C","24",-2.12178810959414,0.859500364065069,-0.71295514261472,1.19625875372008,-0.775558137665013,0.378696601228971,-2.80791500778108,-1.51409728714965,-0.402769745894289,-1.16740052730174
2019,"Cape Alava",3,"W",5,0,0,0,0,12,0,1,0,0,0,0,0,0,0,1,0,0,0,18,0,0,1,0,0,0,1,0,0,"#E31A1C","24",-3.09836410616117,0.943350212197331,-1.1366329619943,2.32888438410817,0.519808570085005,0.284095314382989,-0.0270677198195131,-0.124031134064681,-1.11078829270039,-0.0654749432855819
2019,"Cape Alava",4,"W",5,0,0,0,1,7,0,1,0,0,0,0,0,0,0,0,0,0,0,19,0,0,2,0,0,0,0,0,0,"#E31A1C","24",-2.96851025766992,1.07741497415926,-1.15181748964843,2.25734758904356,0.265341857224374,0.245548179726149,0.1445280742943,-0.135727771857694,-0.99887323783014,-0.116290019707268
2019,"Cape Alava",1,"W",10,0,0,0,0,10,0,1,0,0,0,0,1,0,0,0,0,0,0,10,0,0,0,0,0,0,0,0,0,"#E31A1C","24",-2.2593232945332,-0.164013781406228,-1.17555034627807,1.0691836079389,-0.439728477994322,1.01330657486964,-2.23272846865016,-0.757210303610008,-0.400790167509146,-1.72402867094091
2019,"Cape Alava",2,"W",10,0,0,0,0,4,0,1,0,0,0,0,0,0,0,0,0,0,0,49,0,0,1,0,0,0,0,0,0,"#E31A1C","24",-2.93923277172579,1.60747909559038,-1.32125408903531,2.49402111334767,-0.243305858961381,-0.148628891829454,0.50019301160971,-0.309604309252331,-0.959442098828083,-0.305361334898835
2019,"Cape Alava",3,"W",10,0,0,0,0,1,0,1,0,0,0,0,0,0,0,0,0,0,0,5,0,0,0,0,0,0,0,0,0,"#E31A1C","24",-0.364689177673087,0.203019371705928,-0.455552406152543,-0.419270694352287,-0.886853904860683,1.21091689535327,1.12477877390961,0.866297785652543,0.378988813260396,0.151882816601656
2019,"Cape Alava",4,"W",10,0,0,0,0,0,0,2,0,0,0,0,0,0,0,0,0,0,0,6,0,0,0,0,0,0,0,0,0,"#E31A1C","24",0.626928381692243,0.857808130479392,-0.344830389214462,-1.11043828979612,0.704965605457433,1.31864972755296,-1.09138296105438,0.612822800710183,0.105656589238333,1.00396225908041
2021,"Cape Alava",1,"E",5,0,0,0,0,0,0,1,0,0,0,0,0,0,0,0,0,0,0,1,0,0,0,0,0,0,0,0,0,"#E31A1C","25",0.208299865273314,-0.395927624356783,-1.48919981857945,-0.839515265253621,0.783649670576879,0.499983260543537,1.4542098115987,0.689473737522406,-0.844628237688803,-1.20397877856502
2021,"Cape Alava",2,"E",5,0,0,0,0,5,0,0,0,0,0,4,0,6,0,0,0,0,0,0,0,0,0,0,0,0,10,0,0,"#E31A1C","25",-2.22584505735557,-3.11907284446533,0.893060537382241,2.05505941229687,1.18428889458917,-0.374447249745244,-1.46425447156573,-0.55750786989003,-0.959882055798788,0.594297065956219
2021,"Cape Alava",3,"E",5,1,0,0,0,2,0,0,0,0,0,6,0,11,0,0,0,0,0,0,0,0,0,0,0,0,17,0,0,"#E31A1C","25",-0.357629059604671,-2.23797888764797,0.88991382040375,1.23365245106591,-0.804288505247373,-0.220145906943234,-0.461503264456281,-0.163098468304989,0.0958176961871046,0.552604943220644
2021,"Cape Alava",4,"E",5,0,0,0,0,1,0,1,0,0,0,0,0,53,0,2,0,0,0,0,0,0,0,0,0,0,55,0,0,"#E31A1C","25",0.420566001972448,-0.479534378940129,0.16263126595549,0.918560085252627,-0.849917813266806,1.13831742706475,1.58039171638952,-0.276866638587991,0.307111182865368,-0.460118403564688
2021,"Cape Alava",1,"E",10,0,0,0,0,0,0,3,0,0,0,0,0,3,0,0,0,0,0,14,0,0,0,0,0,0,3,0,0,"#E31A1C","25",-0.165362789116736,2.26045994637079,-0.493346304968224,-0.392311564941768,0.183813920533319,0.00556485835517562,-0.217604578360617,-0.0583039888307302,-0.325766599774276,1.18414756519368
2021,"Cape Alava",2,"E",10,0,0,0,0,0,0,1,0,0,0,0,0,0,0,0,0,0,0,11,0,0,0,0,0,0,0,0,0,"#E31A1C","25",-0.326603689582405,1.6832226435082,-1.87873378737022,0.650507999548328,0.231770333212394,1.00164842627131,0.323489290254767,0.940814656302122,-0.322957296651517,0.181334320145171
2021,"Cape Alava",3,"E",10,0,0,0,0,0,0,1,0,0,0,0,0,6,0,0,0,0,0,27,0,0,0,0,0,0,6,0,0,"#E31A1C","25",-1.0265221029169,2.69829661273181,-2.35952584036997,1.57845904577119,-0.276204363688267,0.193289917496437,0.977369582691925,0.506499951573758,-0.644292143547706,-0.113314397728981
2021,"Cape Alava",1,"W",5,0,0,0,0,0,0,0,0,0,0,0,0,3,0,0,0,0,0,0,0,0,0,0,0,0,3,0,0,"#E31A1C","25",1.98136949700232,-1.02749678359978,-1.19107187028062,1.02153490148472,0.110040960923539,-1.37829162159079,-0.532664453320463,-0.0344238797916153,-0.434228170971756,0.866041327613131
2021,"Cape Alava",2,"W",5,0,0,0,0,0,0,0,0,0,0,0,0,1,0,0,0,0,0,0,0,0,0,0,0,0,1,0,0,"#E31A1C","25",1.98136949700232,-1.02749678359978,-1.19107187028062,1.02153490148472,0.110040960923539,-1.3782916215908,-0.532664453320464,-0.0344238797916153,-0.434228170971756,0.866041327613131
2021,"Cape Alava",3,"W",5,0,0,0,0,0,0,0,1,0,0,0,0,1,0,0,0,0,0,2,0,0,0,0,0,0,1,0,0,"#E31A1C","25",-0.765687142167977,-1.16581490652025,-1.28408469199196,-2.09788515510442,1.11928129284727,-2.2899478085277,0.0891683061238038,2.08072601464777,2.11581038102212,-0.937660858854736
2021,"Cape Alava",1,"W",10,0,0,0,0,0,0,2,1,0,0,3,0,0,0,0,0,0,0,5,0,0,0,0,0,0,3,0,0,"#E31A1C","25",-0.0456359353711376,0.610020061567094,-0.0194473059377641,-1.39719229559162,1.57175517167995,0.537144045057687,-1.01535202175537,1.15626101204265,2.12719027126581,0.384551706128797
2021,"Cape Alava",2,"W",10,0,0,0,0,0,0,1,0,0,0,0,0,9,0,0,0,0,0,0,0,0,1,0,0,0,9,0,0,"#E31A1C","25",0.699389490693757,0.417351561418745,-1.56067762555993,1.68745431087228,0.574102176198502,0.828785969033226,0.628279979911707,-0.864261263670882,-0.508361806621778,-1.30922164173879
2021,"Cape Alava",3,"W",10,0,0,0,0,0,0,5,0,0,0,0,0,0,0,0,0,0,0,6,0,0,0,0,0,0,0,0,0,"#E31A1C","25",-0.431263211532438,1.23050987888143,-0.171321529388637,-1.58233777015464,0.906929860538565,-0.562417449515656,0.176108897411713,-0.400668565136952,-0.790852398338881,1.15049636240308
2021,"Cape Alava",4,"W",10,0,0,0,0,0,0,1,0,0,0,0,0,0,0,0,0,0,0,0,0,0,0,0,0,0,0,0,0,"#E31A1C","25",1.31584091150809,-0.0220876849442565,-0.983121027150315,0.977136082898598,0.776187528335407,0.774604188878131,0.761029946129728,-0.312462785487767,-0.253945549633063,-0.494497930896008
2016,"Tatoosh Island",1,"N",5,0,0,0,0,0,0,0,0,0,0,0,0,222,0,0,0,0,0,0,0,4,0,0,0,0,226,0,0,"#33A02C","21",1.98136949700232,-1.02749678359978,-1.19107187028062,1.02153490148472,0.110040960923539,-1.37829162159079,-0.532664453320463,-0.0344238797916152,-0.434228170971756,0.866041327613131
2016,"Tatoosh Island",2,"N",5,0,0,0,0,1,0,4,0,0,0,0,0,0,0,0,0,0,0,1,0,0,0,0,0,0,0,0,0,"#33A02C","21",-0.448118754284133,-0.0515524323746495,0.872724980050927,-1.9965912331553,-0.82455657348302,-0.731787485157077,1.96817525769287,-0.622451390243413,-0.411919139685902,-0.292394565530512
2016,"Tatoosh Island",3,"N",5,0,0,0,0,1,0,0,0,0,0,0,0,80,0,0,0,0,0,0,0,0,0,0,0,0,80,0,0,"#33A02C","21",0.638503876513442,-1.59675158338987,0.496517161661402,0.66274877712192,-1.82748223842586,-0.533125913837748,0.675112690964082,-0.0611715612475115,0.493696638321918,0.670633339141366
2016,"Tatoosh Island",4,"N",5,0,0,0,0,1,0,2,0,0,0,1,1,38,0,0,0,0,0,2,0,0,0,0,0,0,39,0,0,"#33A02C","21",0.41178906629869,-0.559314877712641,-0.0326010210117465,-2.20715992977382,-2.46012981066454,0.878166874358991,-1.45240006436815,-1.08854371785299,0.818999175675902,-2.37538280691883
2016,"Tatoosh Island",1,"N",10,0,0,0,0,0,0,3,0,0,0,0,0,145,0,0,0,0,0,18,0,0,0,0,0,0,145,0,0,"#33A02C","21",-0.361479236902184,2.52670647687861,-0.654628802454807,-0.133065393887673,0.0430547385747509,-0.214493616387129,-0.0584246746666257,-0.201953275729308,-0.420670341456496,1.09425390661213
2016,"Tatoosh Island",2,"N",10,0,0,0,0,5,0,2,0,0,0,0,0,85,0,0,0,0,0,5,0,0,0,0,0,0,85,0,0,"#33A02C","21",-1.18715148626659,-0.522570540783708,0.775972497483446,-0.498460737107101,0.739661228728807,1.24328696524144,-1.18989948154956,0.180875893564279,-0.122540763078484,0.753075354572801
2016,"Tatoosh Island",3,"N",10,0,0,0,0,0,0,1,1,0,0,0,0,66,0,0,0,0,0,0,0,0,0,0,0,0,66,0,0,"#33A02C","21",0.106775554401349,0.0824296894206758,-0.863258373895076,0.999126877711464,1.84625246548923,-0.304808946618486,1.03217049523259,0.3191243664451,2.21624760351045,-1.33634528044327
2016,"Tatoosh Island",4,"N",10,0,0,0,0,0,0,6,0,0,0,0,0,53,0,0,0,0,0,0,0,1,0,0,0,0,54,0,0,"#33A02C","21",0.408618808559323,0.941161253236539,0.407211177706424,-0.645574312447606,0.865731213301996,-1.50796499796693,1.10629387072314,-2.23710226617096,-1.01466297147979,0.243467838973186
2017,"Tatoosh Island",1,"N",5,0,0,0,0,2,0,0,0,0,0,0,0,0,0,0,0,0,0,0,0,0,0,0,0,0,0,0,0,"#33A02C","22",-0.357629059604671,-2.23797888764797,0.889913820403751,1.23365245106591,-0.804288505247371,-0.220145906943234,-0.461503264456279,-0.163098468304987,0.0958176961871052,0.552604943220645
2017,"Tatoosh Island",2,"N",5,0,0,0,0,2,0,0,0,0,0,0,0,0,0,0,0,0,0,10,0,0,0,0,0,0,0,0,0,"#33A02C","22",-1.0224384986968,0.272446504648459,-0.380959470445661,0.183386841732297,-1.73060049854164,0.101702691696507,-0.417174629014587,0.999418126822246,0.279288072429769,1.41927682269914
2017,"Tatoosh Island",3,"N",5,0,0,0,0,4,0,2,0,0,0,0,0,91,0,0,0,0,0,3,0,0,0,0,0,0,91,0,0,"#33A02C","22",-1.04603991850069,-0.892284216288646,0.820202100991272,-0.920996394741027,0.599007613439007,1.06900065464208,-0.812970180011857,0.121845297286277,-0.161634704672158,0.255944590858613
2017,"Tatoosh Island",1,"N",10,0,0,0,0,0,1,1,0,0,0,0,0,0,0,0,0,0,0,1,0,0,0,0,0,0,0,0,0,"#33A02C","22",0.9470170436841,0.764597241308799,1.13187913485829,-0.133822994347838,0.773519039796716,-0.00214414228845056,0.860549705720112,2.50187236544647,-2.06114331277952,-2.77959760865279
2017,"Tatoosh Island",2,"N",10,0,0,0,0,2,0,0,0,0,0,0,0,1,0,0,0,0,0,0,0,0,0,0,0,0,1,0,0,"#33A02C","22",-0.357629059604671,-2.23797888764797,0.889913820403751,1.23365245106591,-0.804288505247371,-0.220145906943235,-0.461503264456279,-0.163098468304987,0.0958176961871051,0.552604943220645
2017,"Tatoosh Island",3,"N",10,0,0,0,0,1,0,3,0,0,0,0,0,0,0,0,0,0,0,18,0,0,0,0,0,0,0,0,0,"#33A02C","22",-0.635669796492792,2.01409679801122,0.207015838972752,-0.291804539093539,-1.45303188788989,-0.0928460707295166,0.862922678969932,-0.251457633069174,0.272516455910292,1.01122153272348
2017,"Tatoosh Island",4,"N",10,0,0,0,0,0,0,4,0,0,0,0,0,0,0,0,0,0,0,4,0,0,0,0,0,0,0,0,0,"#33A02C","22",-0.137523127275044,0.715576873170997,-0.140734272479329,-1.95024912996614,0.958165746110505,-0.281714718105465,0.172145026977361,-0.241138089623005,-0.662732963879759,0.798516947101869
2017,"Tatoosh Island",1,"S",5,0,0,0,0,1,0,1,2,0,0,0,0,2,0,0,0,0,0,0,0,0,0,0,0,0,2,0,0,"#33A02C","22",-0.57190496586413,-0.278832063480295,0.462766624383567,0.620576478419831,-0.254913727231432,-0.120323647798801,1.96350958976909,0.292721469497167,2.94722623843864,-1.28689506422532
2017,"Tatoosh Island",2,"S",5,0,0,0,0,3,0,1,0,0,0,0,0,120,0,0,0,0,0,1,0,0,0,0,0,0,120,0,0,"#33A02C","22",-1.50214782383017,-1.33629431888992,-0.0728824549418982,-0.0767800745466579,0.379433019108301,0.728289689293751,1.13611780456528,0.357151231480793,-0.805703743752729,-1.20285928056707
2017,"Tatoosh Island",3,"S",5,0,0,0,0,0,0,0,0,0,0,0,0,2,0,0,0,0,0,2,0,0,0,0,0,0,2,0,0,"#33A02C","22",0.528369277592044,-1.21386548196505,-1.83773580422874,-1.95930150959264,-0.0719075313473507,-0.920832636776063,-0.216669512014824,1.35058710576501,-1.0044462854608,0.215631951661011
2017,"Tatoosh Island",1,"S",10,0,0,0,0,0,0,3,1,0,0,0,0,0,0,0,0,0,0,10,0,0,0,0,0,0,0,0,0,"#33A02C","22",-0.575051486744532,1.80906470172735,-0.0425747232485365,-0.785158677449115,1.15355900939808,-0.464746971215045,-0.438037954289319,0.612987734535084,1.73979275625445,0.823799303252787
2017,"Tatoosh Island",2,"S",10,0,0,0,0,1,0,5,0,0,0,0,0,0,0,0,0,0,0,8,0,0,0,0,0,0,0,0,0,"#33A02C","22",-0.738705884164923,1.26414048759728,0.57808251319986,-1.21276859643366,-0.936071870663973,-0.466216372184411,1.08138811331027,-0.447452385014661,-0.035306852018033,1.11479512685193
2017,"Tatoosh Island",3,"S",10,0,0,0,0,0,0,3,0,0,0,0,0,0,0,0,0,0,0,13,0,0,0,0,0,0,0,0,0,"#33A02C","22",-0.113062996659367,2.15870726417972,-0.455405151860039,-0.479502523781878,0.234494356540916,0.0749185828941286,-0.28484797974062,-0.0301885743417685,-0.298726998250997,1.20234621196092
2018,"Tatoosh Island",1,"N",5,0,0,0,0,2,0,2,0,0,0,0,1,0,0,0,0,0,0,18,0,0,0,0,0,0,0,0,0,"#33A02C","23",-0.586802107087638,1.24874845318001,-0.296722972185251,0.117542091505972,-2.15796136684648,0.869617453332491,-2.05994020874813,-0.939400842641924,0.634230070322423,-1.03375032354254
2018,"Tatoosh Island",2,"N",5,0,0,0,0,3,0,0,0,0,0,0,0,0,0,0,0,0,0,2,0,0,0,0,0,1,1,0,0,"#33A02C","23",-1.62077534410916,-2.27026983162043,0.0663477669797641,-1.11318491328449,-0.492417907948635,-0.416218936873275,-0.116565436399087,0.778273492191464,-0.65970865163479,-0.0570910509106601
2018,"Tatoosh Island",3,"N",5,0,0,0,0,1,0,0,0,0,0,0,0,0,0,0,0,0,0,2,0,0,0,0,0,0,0,0,0,"#33A02C","23",-0.156460084608722,-1.42743974791846,-0.271757464794027,-1.87217921206315,-2.06658205664384,-0.450192590432978,1.02526176208923,1.08723219165082,0.111249361042584,0.141165649243195
2018,"Tatoosh Island",4,"N",5,0,0,0,0,1,0,0,0,0,0,0,0,0,0,0,0,0,0,1,0,0,0,0,0,0,0,0,0,"#33A02C","23",-0.223032526614338,-1.70021415237914,-0.217677634754157,-1.67825259323653,-2.00532482778779,-0.805818614132754,1.66306297706081,0.9655570554949,-0.226631348977002,-0.382420432671483
2018,"Tatoosh Island",1,"N",10,0,0,0,1,0,0,0,0,0,0,0,0,0,0,0,0,0,0,0,0,0,0,0,0,0,0,0,0,"#33A02C","23",1.98136949700232,-1.02749678359978,-1.19107187028063,1.02153490148472,0.110040960923537,-1.3782916215908,-0.532664453320463,-0.0344238797916163,-0.434228170971756,0.866041327613129
2018,"Tatoosh Island",2,"N",10,0,0,0,0,0,0,3,0,0,0,0,0,0,0,0,0,0,0,0,0,0,0,0,0,4,4,0,0,"#33A02C","23",1.47832343265163,0.586578462252363,0.557610225121421,-0.494648973842913,0.791189335781599,-0.0281491869025571,0.04889306391583,-1.32342216930062,-0.229090433116419,0.554288517894182
2018,"Tatoosh Island",3,"N",10,0,0,0,1,1,0,4,0,0,0,0,0,0,0,0,0,0,0,0,0,0,0,0,0,0,0,0,0,"#33A02C","23",0.350101841684123,0.286216203849065,1.51731237836361,-0.610762013748395,-0.960426747196312,-0.3442975351592,1.3754193885661,-1.53147363285812,0.136521523272248,0.428143142145391
2018,"Tatoosh Island",4,"N",10,0,0,0,0,0,0,0,0,0,0,0,1,0,0,0,0,0,0,0,0,0,0,0,0,0,0,0,0,"#33A02C","23",2.13306905628915,-1.46749841132588,-2.73136301525239,0.229143449518997,-3.34538031796824,-1.41001745958685,-5.3905892758382,-3.12887992628447,0.413947299170561,-4.56854115659086
2018,"Tatoosh Island",1,"S",5,0,0,0,0,1,0,1,1,0,0,0,0,0,0,0,0,0,0,0,0,0,0,0,0,0,0,0,0,"#33A02C","23",-0.454325350681576,-0.343154415276273,0.454410041469567,0.641358166194129,-0.210225801382311,-0.0307364728258125,1.89626227944437,0.298426616740182,2.77656817304013,-1.14894866974389
2018,"Tatoosh Island",2,"S",5,0,0,0,0,0,0,0,0,0,0,0,0,0,0,0,0,0,0,2,0,0,0,0,0,0,0,0,0,"#33A02C","23",0.528369277592045,-1.21386548196505,-1.83773580422874,-1.95930150959264,-0.0719075313473501,-0.920832636776063,-0.216669512014823,1.35058710576502,-1.0044462854608,0.215631951661013
2018,"Tatoosh Island",3,"S",5,0,0,0,0,0,0,3,0,0,0,0,0,0,0,0,0,0,0,0,0,0,0,0,0,0,0,0,0,"#33A02C","23",1.47832343265163,0.586578462252363,0.557610225121421,-0.494648973842912,0.7911893357816,-0.0281491869025568,0.0488930639158301,-1.32342216930062,-0.22909043311642,0.554288517894182
2018,"Tatoosh Island",4,"S",5,0,0,0,0,0,0,4,0,0,0,0,0,0,0,0,0,0,0,0,0,0,0,0,0,0,0,0,0,"#33A02C","23",0.975455266296475,0.783651641572839,0.497389778794661,-0.580885410665056,0.830444444894882,-0.769807247145858,0.629271815393153,-1.7541236883594,-0.627978838747681,0.463891133340359
2018,"Tatoosh Island",1,"S",10,0,0,0,0,0,0,2,0,0,0,0,0,0,0,0,0,0,0,9,0,0,0,0,0,0,0,0,0,"#33A02C","23",0.49518875739973,1.45187259515505,-0.484966104810352,-0.619514402597427,0.394885006908866,1.19207727417796,-1.04686723147876,0.548962287056523,0.10994507536642,1.05145062908217
2018,"Tatoosh Island",2,"S",10,0,0,0,0,0,0,2,0,0,0,0,1,0,0,0,0,0,0,6,0,0,0,0,0,0,0,0,0,"#33A02C","23",0.892160620999147,0.623404792411229,-0.947250283521487,-1.5179320579707,-0.797663784515604,1.45534365212643,-3.3161129568882,-0.642385137437972,0.56251800167817,-1.13460884639762
2018,"Tatoosh Island",3,"S",10,0,0,0,0,0,0,2,0,0,0,0,0,0,0,0,0,0,0,11,0,0,0,0,0,0,0,0,0,"#33A02C","23",0.391150408248803,1.74648989327964,-0.58916714934097,-0.362968661907608,0.226931183872215,1.08150962082164,-0.966228251099201,0.4835629476297,0.0856080723788888,1.00743428260746
2019,"Tatoosh Island",1,"N",5,0,0,0,0,2,0,1,0,0,0,0,1,0,0,0,0,0,0,11,0,0,0,0,0,0,0,0,0,"#33A02C","24",-0.960876908426092,0.625173148840548,-1.1170829990546,0.485584160345956,-2.0347253323563,1.16954152269017,-1.31648052498745,-0.449094225555743,0.457133186816275,-1.76561898071231
2019,"Tatoosh Island",2,"N",5,0,0,0,0,2,0,1,0,0,0,0,0,0,0,0,0,0,0,4,0,0,0,0,0,0,0,0,0,"#33A02C","24",-0.89999371942902,-0.407813761850659,-0.170078057692377,-0.212974669099025,-0.231069811561835,1.23382735132881,0.544636286977691,0.757703764814976,0.0159800122553672,-0.16248995685235
2019,"Tatoosh Island",3,"N",5,0,0,0,0,1,0,5,0,0,0,0,0,0,0,0,0,0,0,0,0,0,0,0,0,0,0,0,0,"#33A02C","24",0.068846664656134,0.384322120860772,1.47080114796351,-0.675263286856615,-0.999965754353365,-0.77117536003471,1.69561329418828,-1.78630608853081,-0.0517243354363315,0.304227920466256
2019,"Tatoosh Island",4,"N",5,0,0,0,0,2,0,1,1,0,0,0,0,21,0,0,0,0,0,0,0,0,0,0,0,0,21,0,0,"#33A02C","24",-1.19093452601894,-0.899144225067647,0.762854246676713,1.15590091588486,0.682253719777572,0.213680731176054,0.822087236083376,0.236993865087939,2.33330724749453,-1.22544737385356
2019,"Tatoosh Island",1,"N",10,0,0,0,0,0,0,3,0,0,0,0,0,0,0,0,0,0,0,3,0,0,0,0,0,0,0,0,0,"#33A02C","24",0.270903968826574,0.342447024850292,-0.12891619668551,-2.08227150454712,0.907101278804163,0.181404403538573,-0.0849016921208237,0.00842604568064426,-0.40519736139544,0.513718764287086
2019,"Tatoosh Island",2,"N",10,0,0,0,0,0,0,3,0,0,0,0,0,0,0,0,0,0,0,1,0,0,0,0,0,0,0,0,0,"#33A02C","24",0.348077652417391,0.07459171939699,-0.0591189183455153,-2.13873412186998,0.82231729648894,-0.371033661443675,0.876401925773232,-0.292115374799646,-0.832433977438777,-0.251735029773741
2019,"Tatoosh Island",3,"N",10,0,0,0,0,1,0,2,0,0,0,0,0,0,0,0,0,0,0,4,0,0,0,0,0,0,0,0,0,"#33A02C","24",0.254125304123054,0.144113123455303,0.600280480248936,-1.41904921998029,-0.837667823394124,1.15153626180856,0.122804972840671,0.419055360512599,0.654968136237624,0.650921803564894
2019,"Tatoosh Island",1,"S",5,0,0,0,0,0,0,1,0,0,0,0,0,0,0,0,0,0,0,12,0,0,0,0,0,0,0,0,0,"#33A02C","24",-0.390503637065603,1.8194747733698,-1.92907793638848,0.761418347636504,0.161168950949313,0.923753020007917,0.407662794762605,0.908558496723028,-0.346151753193867,0.161160949624465
2019,"Tatoosh Island",2,"S",5,0,0,0,0,6,0,2,0,0,0,0,0,0,0,0,0,0,0,3,0,0,0,0,0,0,0,0,0,"#33A02C","24",-1.3958883534198,-1.05859716022214,0.7819662368563,-0.760351064159347,0.958509658812737,1.05797628392877,-1.03167734927241,0.0443628069990587,-0.367982327001037,0.218646616583613
2019,"Tatoosh Island",3,"S",5,0,0,0,0,1,0,3,0,0,0,0,0,0,0,0,0,0,0,0,0,0,0,0,0,0,0,0,0,"#33A02C","24",0.760355733346627,0.0983262499846946,1.56408055557183,-0.506710712096358,-0.921104658637622,0.332219666466595,0.831838180527884,-1.15598526591626,0.454610721869661,0.521905131767654
2019,"Tatoosh Island",4,"S",5,0,0,0,1,1,0,6,0,0,0,0,0,0,0,0,0,0,0,1,0,0,0,0,0,0,0,0,0,"#33A02C","24",-0.874438043952992,0.0498446406875148,0.788015107590635,-2.10661527643639,-0.870820997249579,-1.33611520061251,2.42046670347438,-0.983819648561825,-0.716324362822796,-0.524117058203145
2019,"Tatoosh Island",1,"S",10,0,0,0,0,0,0,5,0,0,0,0,0,10,0,0,0,0,0,3,0,0,1,0,0,0,10,0,0,"#33A02C","24",-0.737210779279702,0.733873023599156,-0.408760881823241,-2.03340662655815,0.800432531145861,-1.05410983497262,0.557463553624814,-0.928358690908235,-1.16226665383858,0.0410412007641475
2019,"Tatoosh Island",2,"S",10,0,0,0,0,0,0,2,0,0,0,0,0,0,0,1,0,0,1,5,0,0,0,0,0,0,2,0,0,"#33A02C","24",0.645110951585909,0.61987485410977,-0.318925335797468,-1.29772689700956,0.806763376532029,1.30689068507578,-1.02904017930009,0.611512684971017,0.0752377102041749,0.887192303397294
2019,"Tatoosh Island",3,"S",10,0,0,0,0,0,0,3,0,0,0,0,0,0,1,0,0,0,0,6,0,0,0,0,0,0,0,0,0,"#33A02C","24",0.454022416309,1.58213223742887,0.285165255173368,-1.36446091741462,0.441754100317184,0.375680491094479,-0.606781799741918,0.357644087330553,-0.120575965777828,1.25371810379299
2021,"Tatoosh Island",1,"N",5,0,0,0,0,0,0,0,0,0,0,0,0,60,0,0,0,0,0,3,0,0,0,0,0,0,60,0,0,"#33A02C","25",0.51098783475567,-0.86828414945213,-1.78550359566121,-1.75683068750789,0.0161555869579441,-0.515355366007262,-0.730638976999278,1.5096175323312,-0.742517477370101,0.845287967084212
2021,"Tatoosh Island",2,"N",5,0,0,0,0,0,0,2,0,0,0,0,0,0,0,0,0,0,0,1,0,0,0,0,0,0,0,0,0,"#33A02C","25",0.834403250045807,-0.157899407349435,-0.237756894770172,-1.80180193951714,0.728085291355305,0.569939819132086,0.228373349833273,0.209641670211913,-0.445394957949161,-0.366246855020221
2021,"Tatoosh Island",3,"N",5,0,0,0,0,0,0,1,0,0,0,0,0,0,0,0,0,0,0,1,0,0,0,0,0,0,0,0,0,"#33A02C","25",0.208299865273312,-0.395927624356783,-1.48919981857945,-0.83951526525362,0.78364967057688,0.499983260543537,1.4542098115987,0.689473737522407,-0.844628237688803,-1.20397877856502
2021,"Tatoosh Island",4,"N",5,0,0,0,0,0,0,0,0,0,0,0,0,1,0,0,0,0,0,2,0,0,0,0,0,0,1,0,0,"#33A02C","25",0.528369277592045,-1.21386548196505,-1.83773580422874,-1.95930150959264,-0.0719075313473508,-0.920832636776063,-0.216669512014823,1.35058710576502,-1.0044462854608,0.215631951661012
2021,"Tatoosh Island",1,"N",10,0,0,0,0,0,0,2,0,0,0,0,0,0,0,0,0,0,0,0,0,0,0,0,0,0,0,0,0,"#33A02C","25",2.01670464352173,0.268006392012601,0.365016020870147,-0.168314914490753,0.676070745406151,0.98183550067427,-0.651218740882536,-0.782272088467414,0.194254685575076,0.401321187184873
2021,"Tatoosh Island",2,"N",10,0,0,0,0,0,0,1,1,0,0,0,0,1,0,0,0,0,0,0,0,0,0,0,0,0,1,0,0,"#33A02C","25",0.106775554401348,0.0824296894206753,-0.863258373895077,0.999126877711463,1.84625246548923,-0.304808946618487,1.03217049523259,0.319124366445099,2.21624760351044,-1.33634528044327
2021,"Tatoosh Island",3,"N",10,0,0,0,0,0,0,2,0,0,0,0,0,0,0,0,0,0,0,0,0,0,0,0,0,0,0,0,0,"#33A02C","25",2.01670464352173,0.2680063920126,0.365016020870146,-0.168314914490753,0.676070745406151,0.98183550067427,-0.651218740882537,-0.782272088467414,0.194254685575076,0.401321187184873
2021,"Tatoosh Island",1,"S",5,0,0,0,0,0,0,3,1,0,0,0,0,0,0,0,0,0,0,0,0,0,0,0,0,0,0,0,0,"#33A02C","25",0.485126955154791,0.639579070457092,0.858307710922418,-0.671855541007843,1.72307988884131,-1.13512331965939,0.183300603444435,-0.735993125262819,2.13187057024688,-0.0471683399363401
2021,"Tatoosh Island",2,"S",5,0,0,0,0,0,0,0,0,0,0,0,0,0,0,0,0,0,0,0,0,0,0,0,0,0,0,0,0,"#33A02C","25",1.98136949700232,-1.02749678359978,-1.19107187028062,1.02153490148472,0.110040960923537,-1.3782916215908,-0.532664453320463,-0.0344238797916163,-0.434228170971756,0.86604132761313
2021,"Tatoosh Island",3,"S",5,0,0,0,0,0,0,2,0,0,0,0,1,0,0,0,0,0,0,1,0,0,0,0,0,0,0,0,0,"#33A02C","25",0.97312403688061,-0.459586897098032,-1.08025363175442,-2.31771666997299,-1.14435841544842,0.619209491397249,-2.24474042433846,-1.42961704641508,-0.0271194373216141,-3.38868807420842
2021,"Tatoosh Island",4,"S",5,0,0,0,0,0,0,3,0,0,0,0,0,0,0,0,0,0,0,0,0,0,0,0,0,0,0,0,0,"#33A02C","25",1.47832343265163,0.586578462252363,0.557610225121421,-0.494648973842913,0.7911893357816,-0.0281491869025567,0.0488930639158297,-1.32342216930062,-0.22909043311642,0.554288517894182
2021,"Tatoosh Island",1,"S",10,0,0,0,0,0,0,1,0,0,0,0,0,0,0,0,0,0,0,1,0,0,0,0,0,0,0,0,0,"#33A02C","25",0.208299865273312,-0.395927624356783,-1.48919981857945,-0.83951526525362,0.78364967057688,0.499983260543537,1.4542098115987,0.689473737522407,-0.844628237688803,-1.20397877856502
2021,"Tatoosh Island",2,"S",10,0,0,0,0,0,0,0,0,0,0,0,0,0,0,0,0,0,0,2,0,0,0,0,0,0,0,0,0,"#33A02C","25",0.528369277592043,-1.21386548196505,-1.83773580422874,-1.95930150959263,-0.0719075313473499,-0.920832636776063,-0.216669512014824,1.35058710576501,-1.0044462854608,0.215631951661012
2021,"Tatoosh Island",3,"S",10,0,0,0,0,0,0,2,0,0,0,0,0,0,0,0,0,0,0,10,0,0,0,0,0,0,0,0,0,"#33A02C","25",0.448584204351443,1.60898372562938,-0.532658721422469,-0.483579675029022,0.301934467104225,1.1401983596628,-1.02184307913685,0.518453638357071,0.10146786390093,1.02451304788397
2016,"Neah Bay",1,"N",5,2,0,0,0,1,0,0,0,0,0,0,0,27,0,0,0,0,0,0,0,0,0,0,0,5,32,0,0,"#1F78B4","21",0.638503876513442,-1.59675158338987,0.496517161661402,0.662748777121919,-1.82748223842586,-0.533125913837748,0.675112690964083,-0.0611715612475107,0.493696638321918,0.670633339141367
2016,"Neah Bay",2,"N",5,0,0,0,0,2,0,0,0,0,0,0,0,20,0,0,0,0,0,0,0,0,0,0,0,0,20,0,0,"#1F78B4","21",-0.357629059604671,-2.23797888764797,0.889913820403752,1.23365245106591,-0.804288505247372,-0.220145906943234,-0.461503264456279,-0.163098468304987,0.095817696187105,0.552604943220645
2016,"Neah Bay",3,"N",5,78,0,0,0,1,0,0,0,0,0,0,0,14,0,0,0,0,0,0,0,0,0,0,0,0,14,0,0,"#1F78B4","21",0.638503876513442,-1.59675158338987,0.496517161661402,0.662748777121919,-1.82748223842586,-0.533125913837748,0.675112690964083,-0.0611715612475103,0.493696638321918,0.670633339141368
2016,"Neah Bay",4,"N",5,0,0,0,0,0,0,1,0,0,0,0,0,12,0,0,0,0,0,0,0,0,0,0,0,0,12,0,0,"#1F78B4","21",1.31584091150809,-0.0220876849442571,-0.983121027150315,0.977136082898597,0.776187528335408,0.77460418887813,0.761029946129727,-0.312462785487768,-0.253945549633064,-0.494497930896007
2016,"Neah Bay",1,"N",10,0,0,0,0,2,2,0,0,0,0,0,0,97,0,0,0,0,0,10,0,0,0,0,0,0,97,0,0,"#1F78B4","21",0.0261514576983903,1.59651980130754,2.73889872190169,1.17848447436002,-1.48634869727326,-0.378394643741144,-1.57101841866465,3.07944259520829,-0.955879677225973,-0.105756322287809
2016,"Neah Bay",2,"N",10,0,0,0,0,0,0,3,1,0,0,0,0,192,0,0,0,0,0,0,0,0,0,0,0,1,193,0,0,"#1F78B4","21",0.48512695515479,0.639579070457091,0.858307710922417,-0.671855541007843,1.72307988884131,-1.13512331965939,0.183300603444435,-0.735993125262819,2.13187057024688,-0.0471683399363402
2016,"Neah Bay",3,"N",10,8,0,0,0,0,0,2,0,0,0,0,0,293,0,0,0,0,0,0,0,0,0,0,0,0,293,0,0,"#1F78B4","21",2.01670464352173,0.268006392012601,0.365016020870147,-0.168314914490752,0.676070745406151,0.98183550067427,-0.651218740882536,-0.782272088467413,0.194254685575075,0.401321187184873
2016,"Neah Bay",4,"N",10,0,0,0,0,0,1,5,0,0,0,0,0,194,0,0,0,0,0,0,0,0,0,0,0,0,194,0,0,"#1F78B4","21",1.5482537833795,2.21338985401826,3.56542874865132,0.06809186192564,0.851325249612846,-1.98328794270712,0.128357101761991,-0.118487111313125,-2.16637184982227,-1.05072678787334
2016,"Neah Bay",5,"N",10,2,0,0,0,2,2,0,0,0,0,0,0,119,0,0,0,0,0,0,0,0,0,0,0,0,119,0,0,"#1F78B4","21",0.894157183754199,-0.274035791579015,5.2066625674294,2.25739082987833,-0.965967620030491,-1.16175462341461,-1.49449051558516,2.61864280116712,-1.52326761457378,-1.73562821327768
2016,"Neah Bay",6,"N",10,16,0,0,0,0,0,2,0,0,0,0,0,107,0,0,0,0,0,0,0,0,0,0,0,0,107,0,0,"#1F78B4","21",2.01670464352173,0.268006392012601,0.365016020870147,-0.168314914490752,0.676070745406151,0.98183550067427,-0.651218740882536,-0.782272088467413,0.194254685575076,0.401321187184872
2017,"Neah Bay",1,"N",5,0,0,0,0,2,0,2,0,0,0,0,0,0,0,0,0,0,0,0,0,0,0,0,0,0,0,0,0,"#1F78B4","22",0.504242213950024,-0.695649752417909,1.6639119040807,0.316345073352603,-0.158425717892931,1.53451483291265,-0.771621946992044,-0.721415466906768,0.458462575677988,0.324777568863639
2017,"Neah Bay",2,"N",5,0,0,0,0,1,0,0,0,0,1,0,0,3,0,0,0,0,0,0,0,0,0,0,0,0,3,0,0,"#1F78B4","22",0.638503876513442,-1.59675158338987,0.496517161661403,0.662748777121919,-1.82748223842586,-0.533125913837748,0.675112690964083,-0.0611715612475097,0.493696638321918,0.670633339141368
2017,"Neah Bay",3,"N",5,0,0,0,0,0,1,0,0,0,1,0,0,0,0,0,0,0,0,0,0,0,0,0,0,0,0,0,0,"#1F78B4","22",3.12234880377477,1.02552126377512,3.29906942311472,2.1943379411549,0.194087815725538,-2.49096785286046,-1.81487057855509,2.79308143454347,-2.34702198911027,-1.27852641669067
2017,"Neah Bay",4,"N",5,0,0,0,0,0,0,0,0,0,0,3,0,0,0,0,0,0,0,0,0,0,0,0,0,0,3,0,0,"#1F78B4","22",1.98136949700232,-1.02749678359978,-1.19107187028062,1.02153490148472,0.110040960923537,-1.37829162159079,-0.532664453320465,-0.0344238797916151,-0.434228170971755,0.86604132761313
2017,"Neah Bay",1,"N",10,0,0,0,0,0,0,2,0,0,0,0,0,0,2,0,0,0,0,13,0,0,0,0,0,0,0,0,0,"#1F78B4","22",0.474393874542679,2.63156279199548,-0.298200520909474,0.0790489407315387,-0.31126721730246,0.811170984878409,-0.867905061618887,0.624794873924582,0.166587074133866,1.03961246103756
2017,"Neah Bay",2,"N",10,0,0,0,0,0,1,4,0,0,0,0,0,0,0,0,0,0,0,24,0,0,0,0,0,0,0,0,0,"#1F78B4","22",-0.179808996313157,3.84990744641445,1.35685775572119,0.739074278053758,-0.0594705437087663,-1.59278890724811,-0.0460554383596666,0.795684780020903,-1.78874367303644,-0.0230715391668068
2017,"Neah Bay",3,"N",10,0,0,0,0,1,0,4,0,0,0,0,0,0,1,0,0,0,0,16,0,0,0,0,0,0,0,0,0,"#1F78B4","22",-0.766125629454403,2.47524194221032,0.459748124141222,-0.267115641986386,-1.60092496817249,-0.679619000683044,1.26245210316496,-0.338469578109223,0.0423967679508078,1.08732472540301
2017,"Neah Bay",4,"N",10,10,0,0,0,1,0,2,0,0,0,0,0,3,0,0,0,1,0,20,0,0,0,0,0,0,3,0,0,"#1F78B4","22",-0.364973588856806,1.95485400265241,-0.0281626815501281,0.0727896834438369,-1.63713224417858,0.601372513870429,0.448875277573753,0.0958820938498938,0.558207868498321,0.79262350145099
2017,"Neah Bay",1,"S",5,0,0,0,0,0,0,0,0,0,0,0,0,0,0,0,0,0,0,0,0,0,0,0,0,0,0,0,0,"#1F78B4","22",1.98136949700232,-1.02749678359978,-1.19107187028062,1.02153490148472,0.110040960923536,-1.37829162159079,-0.532664453320466,-0.0344238797916144,-0.434228170971754,0.86604132761313
2017,"Neah Bay",2,"S",5,0,0,0,0,1,0,1,0,0,0,1,0,0,0,0,0,0,0,0,0,0,0,0,0,0,1,0,0,"#1F78B4","22",0.420566001972448,-0.479534378940129,0.16263126595549,0.918560085252628,-0.849917813266805,1.13831742706475,1.58039171638952,-0.27686663858799,0.307111182865368,-0.460118403564688
2017,"Neah Bay",3,"S",5,0,0,0,0,2,0,1,0,0,0,0,0,0,0,0,0,0,0,4,0,0,0,0,0,0,0,0,0,"#1F78B4","22",-0.899993719429021,-0.407813761850659,-0.170078057692377,-0.212974669099024,-0.231069811561835,1.23382735132881,0.544636286977691,0.757703764814976,0.0159800122553671,-0.162489956852351
2017,"Neah Bay",4,"S",5,0,0,0,0,1,0,0,0,0,0,0,0,0,0,0,0,0,0,1,0,0,0,0,0,0,0,0,0,"#1F78B4","22",-0.22303252661434,-1.70021415237914,-0.217677634754157,-1.67825259323653,-2.00532482778779,-0.805818614132755,1.66306297706081,0.9655570554949,-0.226631348977003,-0.382420432671483
2017,"Neah Bay",1,"S",10,0,0,0,0,0,0,0,0,0,0,0,0,0,1,0,0,0,0,9,0,0,0,0,0,0,0,0,0,"#1F78B4","22",0.363652902402399,1.77832435944959,-1.46143561517128,0.00966906373460463,-0.98520315477784,-0.487099728385154,-1.03007602733578,1.71213322130083,-0.230552789556032,1.68783956371442
2017,"Neah Bay",2,"S",10,0,0,0,0,3,0,1,0,0,0,0,0,0,0,0,0,0,0,11,0,0,0,0,0,0,0,0,0,"#1F78B4","22",-1.61088084650605,0.582069457591965,-0.507863974052743,0.949802254442973,-0.20925446812002,1.0138902301266,0.371834610254255,0.559756791295314,-0.194768904148011,0.228900324690872
2017,"Neah Bay",3,"S",10,0,0,0,0,0,0,2,2,0,0,0,0,0,0,0,0,0,0,0,0,0,0,0,0,0,0,0,0,"#1F78B4","22",0.945107090747487,0.396544065482566,0.718258040392283,-0.342457102090947,1.64930529685163,-0.0861175176819702,-0.637003715896699,-0.171892757213071,2.81428372025654,-0.327263377088799
2017,"Neah Bay",4,"S",10,35,0,0,0,1,0,1,0,0,0,0,0,2,1,0,0,0,0,0,0,0,0,0,0,0,2,0,0,"#1F78B4","22",0.68046192160859,0.459100096469603,0.733468370134749,1.17852669204507,-1.57119858754759,1.02296548331361,1.84817303191283,0.0562859039783377,0.533927133310615,-0.649980674915704
2018,"Neah Bay",1,"N",5,0,0,0,0,0,0,2,0,0,0,0,0,0,0,0,0,0,0,0,0,0,0,0,0,1,1,0,0,"#1F78B4","23",2.01670464352173,0.2680063920126,0.365016020870145,-0.168314914490752,0.676070745406152,0.98183550067427,-0.651218740882536,-0.782272088467414,0.194254685575076,0.401321187184872
2018,"Neah Bay",2,"N",5,0,0,0,2,0,0,1,0,0,0,0,0,0,0,0,0,0,0,0,0,0,0,0,0,0,0,0,0,"#1F78B4","23",1.31584091150809,-0.0220876849442569,-0.983121027150314,0.977136082898597,0.776187528335407,0.774604188878131,0.761029946129727,-0.312462785487767,-0.253945549633063,-0.494497930896007
2018,"Neah Bay",3,"N",5,0,0,0,3,0,1,0,0,0,0,0,0,0,0,0,0,0,0,1,0,0,0,0,0,1,1,0,0,"#1F78B4","23",1.47607346265213,0.0977622999497487,1.8268060313948,-0.939320242235018,-0.00390857693897943,-2.32563096064109,-0.271343166935135,3.53100232385022,-2.88641161786812,-2.36479096086082
2018,"Neah Bay",4,"N",5,0,0,0,1,2,0,1,0,0,0,0,0,0,0,0,0,0,0,1,0,0,0,0,0,2,2,0,0,"#1F78B4","23",-0.925397884374819,-1.04276391355279,-0.0383601779953131,-0.290826987094571,-0.196920677339937,0.796664086161259,1.33570137317242,0.484122257608595,-0.477195656851435,-1.1841627995595
2018,"Neah Bay",1,"N",10,0,0,0,0,0,0,2,1,0,0,0,0,0,0,0,0,0,0,0,0,0,0,0,0,0,0,0,0,"#1F78B4","23",1.0501659444356,0.333592404900665,0.660183054899627,-0.303117829584401,1.63556389298112,-0.00382271484268171,-0.618203750146546,-0.171208468190478,2.62281216740816,-0.240171187616409
2018,"Neah Bay",2,"N",10,0,0,0,0,0,0,6,0,0,0,0,0,0,0,0,0,0,0,0,0,0,0,0,0,0,0,0,0,"#1F78B4","23",0.408618808559323,0.941161253236539,0.407211177706425,-0.645574312447607,0.865731213301996,-1.50796499796693,1.10629387072315,-2.23710226617096,-1.01466297147979,0.243467838973187
2018,"Neah Bay",3,"N",10,0,0,0,0,0,0,1,0,0,0,0,0,0,0,0,0,0,0,0,0,0,0,0,0,0,0,0,0,"#1F78B4","23",1.31584091150809,-0.022087684944257,-0.983121027150313,0.977136082898597,0.776187528335408,0.774604188878131,0.761029946129726,-0.312462785487767,-0.253945549633063,-0.494497930896007
2018,"Neah Bay",4,"N",10,0,0,0,0,0,0,5,0,0,0,0,0,0,0,0,0,0,0,0,0,0,0,0,0,0,0,0,0,"#1F78B4","23",0.626715452217758,0.881637171579896,0.444479970734957,-0.632286885529576,0.857981104537701,-1.24115790512196,0.954751193629473,-2.05197350615583,-0.87508816785324,0.348159835785108
2018,"Neah Bay",1,"S",5,0,0,0,0,1,0,2,0,0,0,0,0,0,0,0,0,0,0,0,0,0,0,0,0,4,4,0,0,"#1F78B4","23",1.19093272269886,-0.200109409331461,1.3773514211047,-0.158523631667829,-0.944939548499985,1.28717539292069,0.184951911097975,-0.683568110111616,0.78907042691168,0.408996466460074
2018,"Neah Bay",2,"S",5,0,0,0,0,0,0,1,0,0,0,0,0,0,0,0,0,0,0,0,0,0,0,0,0,0,0,0,0,"#1F78B4","23",1.31584091150809,-0.022087684944257,-0.983121027150313,0.977136082898597,0.776187528335407,0.774604188878131,0.761029946129726,-0.312462785487767,-0.253945549633063,-0.494497930896007
2018,"Neah Bay",3,"S",5,0,0,0,2,1,0,0,0,0,0,0,0,0,0,0,0,0,0,0,0,0,0,0,0,6,6,0,0,"#1F78B4","23",0.638503876513443,-1.59675158338987,0.496517161661403,0.662748777121919,-1.82748223842586,-0.533125913837748,0.675112690964082,-0.0611715612475103,0.493696638321918,0.670633339141367
2018,"Neah Bay",1,"S",10,0,0,2,2,0,2,1,0,0,0,0,0,0,0,0,0,0,0,0,0,0,0,0,0,0,0,0,0,"#1F78B4","23",2.30422397052246,1.75043981176016,2.57833615804719,2.26238306364316,0.81851936503822,0.315819072021606,-0.171313753788402,2.17225460069048,-1.80103353009925,-2.51107300035045
2018,"Neah Bay",2,"S",10,0,0,0,1,2,1,2,0,0,0,0,0,0,1,0,0,0,0,20,0,0,0,0,0,0,0,0,0,"#1F78B4","23",-0.0933128145324014,2.8052099909057,2.34630853189774,1.28443646507264,-1.16419711082409,0.163313489529074,-0.867158561382382,1.48596004344474,-0.564804109785974,-0.241257875957524
2018,"Neah Bay",3,"S",10,0,0,0,0,1,6,0,0,0,0,0,0,0,1,0,0,0,0,14,0,0,0,0,0,0,0,0,0,"#1F78B4","23",0.466193220936291,3.38537788155258,2.31813913798981,1.63093162892157,-2.83146532785941,-1.16800399494697,-0.291230649774172,2.97451180463453,-0.664630177631065,-0.0965371746095232
2018,"Neah Bay",4,"S",10,0,0,0,11,0,0,0,0,0,0,0,0,0,0,0,0,0,0,6,0,0,0,0,0,0,0,0,0,"#1F78B4","23",0.433286160818324,0.200997912662872,-1.77017341534651,-0.934667515852199,-0.148459653906272,-0.118392847096178,-1.31671504690442,1.6182350733163,-0.400442996184716,1.77354237994756
2019,"Neah Bay",1,"N",5,0,25,0,1,1,1,2,0,0,0,0,0,11,0,0,0,0,0,1,0,0,0,0,0,0,11,0,0,"#1F78B4","24",1.09483563013335,0.573105389493052,3.16560309447777,-1.09485937597365,-0.965584399925786,0.28407282999865,0.320200763739327,1.69719154442127,-0.731266735382099,-1.5386591039555
2019,"Neah Bay",2,"N",5,0,0,0,0,2,0,2,1,0,0,0,0,1,0,0,0,0,0,0,0,0,0,0,0,0,1,0,0,"#1F78B4","24",-0.267384738846305,-0.638539428764037,1.999335262679,0.0357832577185859,0.539812767310883,0.44839050949516,-0.661913815460446,-0.174253302610339,2.70329798186425,-0.253333861060311
2019,"Neah Bay",3,"N",5,0,0,0,0,2,0,2,0,0,1,9,0,0,0,0,0,0,0,0,0,0,0,0,0,0,9,0,0,"#1F78B4","24",0.504242213950025,-0.695649752417909,1.6639119040807,0.316345073352602,-0.158425717892932,1.53451483291265,-0.771621946992044,-0.721415466906767,0.458462575677988,0.324777568863639
2019,"Neah Bay",1,"N",10,0,0,0,0,0,2,1,1,0,0,0,0,0,0,1,0,0,0,0,0,0,0,0,0,0,1,0,0,"#1F78B4","24",1.16577114048417,1.72326818634846,2.81669121116642,2.03682591416264,1.80045975827122,-1.00618984165154,-0.0782960860816323,2.75458980564959,0.906912157740795,-3.15517197063506
2019,"Neah Bay",2,"N",10,0,0,0,0,1,0,3,0,0,0,0,0,70,0,0,0,0,0,0,0,0,0,0,0,0,70,0,0,"#1F78B4","24",0.760355733346627,0.0983262499846941,1.56408055557183,-0.506710712096358,-0.921104658637622,0.332219666466595,0.831838180527883,-1.15598526591626,0.454610721869662,0.521905131767653
2019,"Neah Bay",3,"N",10,0,0,0,0,3,0,3,0,0,0,0,0,0,0,0,0,1,0,0,0,0,0,0,0,0,0,0,0,"#1F78B4","24",-0.538514837662274,-0.769827838949405,1.85169959041808,0.229220355064151,0.605836258518561,0.573842998500287,-0.505045737093251,-1.2945088101746,-0.223387599691391,0.530351594278147
2019,"Neah Bay",4,"N",10,0,0,0,0,1,0,3,0,0,0,0,0,4,0,0,0,0,0,0,0,0,0,0,0,0,4,0,0,"#1F78B4","24",0.760355733346627,0.0983262499846938,1.56408055557183,-0.506710712096359,-0.921104658637622,0.332219666466595,0.831838180527883,-1.15598526591626,0.454610721869661,0.521905131767653
2019,"Neah Bay",1,"S",5,0,0,0,0,0,0,2,0,0,0,0,0,2,0,0,0,0,0,0,0,0,0,0,0,0,2,0,0,"#1F78B4","24",2.01670464352173,0.268006392012599,0.365016020870144,-0.168314914490752,0.676070745406152,0.98183550067427,-0.651218740882535,-0.782272088467416,0.194254685575076,0.401321187184873
2019,"Neah Bay",2,"S",5,0,123,0,0,1,0,1,0,0,0,0,0,6,0,0,0,0,0,0,0,0,0,0,0,0,6,0,0,"#1F78B4","24",0.420566001972448,-0.47953437894013,0.16263126595549,0.918560085252628,-0.849917813266805,1.13831742706475,1.58039171638952,-0.27686663858799,0.307111182865369,-0.460118403564687
2019,"Neah Bay",3,"S",5,0,0,0,0,0,2,2,0,0,0,0,0,0,0,0,0,0,0,0,0,0,0,0,0,1,1,0,0,"#1F78B4","24",3.26308400966663,1.90051243791636,4.07603215241249,0.787878908192,0.671288433258616,0.622553551876276,-2.00260489581029,1.56273189434588,-1.08891516692508,-1.21603043923432
2019,"Neah Bay",4,"S",5,0,0,0,0,0,0,3,0,0,0,0,0,0,0,0,0,0,0,0,0,0,0,0,0,0,0,0,0,"#1F78B4","24",1.47832343265163,0.586578462252363,0.557610225121421,-0.494648973842912,0.7911893357816,-0.0281491869025561,0.0488930639158297,-1.32342216930062,-0.229090433116419,0.554288517894183
2019,"Neah Bay",1,"S",10,1,0,0,0,0,0,1,1,0,0,0,0,0,1,0,0,0,0,14,0,0,0,0,0,0,0,0,0,"#1F78B4","24",-1.01065973051977,2.61245279391539,-1.38543553274171,1.18907031530206,0.460256337793068,-0.190237756645151,0.617526242561027,1.54000853666662,1.77508931176971,-0.295841507107064
2019,"Neah Bay",2,"S",10,0,0,0,0,2,0,4,0,0,0,1,0,0,2,0,0,0,0,14,0,0,2,0,0,0,1,0,0,"#1F78B4","24",-1.36011269930023,2.21019962168703,0.583848750928309,0.387919343422821,-1.03126045949334,-0.61336088072275,0.275176444310317,-0.545124579158307,-0.300791872789797,0.837179044852931
2019,"Neah Bay",3,"S",10,7,0,0,0,2,0,2,0,0,0,0,0,0,1,1,0,0,0,6,0,0,1,0,0,0,1,0,0,"#1F78B4","24",-0.304058087607174,0.720121696257909,0.930400451857146,-0.413465871877197,-0.725685301144217,1.29804632870982,-1.04898704437598,0.35422042743391,0.482811884570591,0.61475748978378
2019,"Neah Bay",4,"S",10,0,0,0,0,1,0,3,0,0,0,0,0,1,0,0,0,0,0,11,0,0,1,0,0,0,1,0,0,"#1F78B4","24",-0.48628240487675,1.70289100606715,0.277123731575002,-0.501258814856906,-1.33700288435419,0.239286170755334,0.42969806483251,-0.255237624204567,0.348556561929608,1.00255168170061
2021,"Neah Bay",1,"N",5,2,0,0,0,0,0,2,0,0,0,0,0,5,0,0,0,0,0,0,0,0,0,0,0,0,5,0,0,"#1F78B4","25",2.01670464352173,0.268006392012599,0.365016020870143,-0.168314914490752,0.676070745406153,0.98183550067427,-0.651218740882535,-0.782272088467415,0.194254685575075,0.401321187184872
2021,"Neah Bay",2,"N",5,1,0,0,0,2,0,2,0,0,0,0,0,0,0,0,0,0,0,0,0,0,0,0,0,0,0,0,0,"#1F78B4","25",0.504242213950027,-0.695649752417909,1.6639119040807,0.316345073352601,-0.158425717892932,1.53451483291265,-0.771621946992045,-0.721415466906767,0.458462575677988,0.32477756886364
2021,"Neah Bay",3,"N",5,0,0,0,0,2,0,0,0,0,0,0,0,0,0,0,0,0,0,0,0,0,0,0,0,2,2,0,0,"#1F78B4","25",-0.357629059604671,-2.23797888764797,0.889913820403753,1.23365245106591,-0.804288505247373,-0.220145906943234,-0.46150326445628,-0.163098468304987,0.0958176961871051,0.552604943220645
2021,"Neah Bay",4,"N",5,0,0,0,0,0,0,4,0,0,0,0,0,3,0,0,0,0,0,0,0,0,0,0,0,58,61,0,0,"#1F78B4","25",0.975455266296477,0.783651641572839,0.497389778794664,-0.580885410665057,0.830444444894884,-0.769807247145857,0.62927181539315,-1.7541236883594,-0.62797883874768,0.463891133340361
2021,"Neah Bay",1,"N",10,0,0,0,0,0,0,2,0,0,0,0,0,2,0,0,0,0,0,5,0,0,0,0,0,0,2,0,0,"#1F78B4","25",0.64511095158591,0.619874854109769,-0.318925335797467,-1.29772689700956,0.806763376532029,1.30689068507578,-1.02904017930009,0.611512684971018,0.0752377102041743,0.887192303397294
2021,"Neah Bay",2,"N",10,0,0,0,0,0,0,1,0,0,0,0,0,0,0,0,0,0,0,0,0,0,0,0,0,0,0,0,0,"#1F78B4","25",1.31584091150809,-0.0220876849442564,-0.983121027150312,0.977136082898597,0.776187528335407,0.774604188878131,0.761029946129727,-0.312462785487767,-0.253945549633063,-0.494497930896006
2021,"Neah Bay",3,"N",10,0,0,0,0,0,0,0,0,0,0,0,0,35,0,0,0,0,0,0,0,0,0,0,0,0,35,0,0,"#1F78B4","25",1.98136949700232,-1.02749678359978,-1.19107187028062,1.02153490148472,0.110040960923536,-1.3782916215908,-0.532664453320466,-0.034423879791615,-0.434228170971755,0.866041327613129
2021,"Neah Bay",4,"N",10,0,0,0,0,0,0,0,1,0,0,0,0,1,0,0,0,0,0,20,0,0,0,0,0,0,1,0,0,"#1F78B4","25",-1.47466154332806,2.51842120402396,-2.04063524552344,1.14706424971186,-0.176206247529418,-2.21774310572173,-0.0733743808185909,1.58162124951696,1.96438269616887,0.653636526961779
2021,"Neah Bay",1,"S",5,0,0,0,0,0,0,2,0,0,0,0,0,0,0,0,0,0,0,1,0,0,0,0,0,0,0,0,0,"#1F78B4","25",0.83440325004581,-0.157899407349435,-0.237756894770171,-1.80180193951714,0.728085291355306,0.569939819132086,0.228373349833271,0.209641670211913,-0.445394957949161,-0.366246855020221
2021,"Neah Bay",2,"S",5,0,0,0,0,0,0,0,0,0,0,0,0,0,0,0,0,0,0,0,0,0,0,0,0,0,0,0,0,"#1F78B4","25",1.98136949700232,-1.02749678359978,-1.19107187028062,1.02153490148472,0.110040960923536,-1.3782916215908,-0.532664453320466,-0.0344238797916146,-0.434228170971755,0.866041327613129
2021,"Neah Bay",3,"S",5,2,0,0,0,1,0,2,0,0,0,0,0,0,0,2,0,0,0,0,0,0,0,0,0,0,2,0,0,"#1F78B4","25",1.19093272269886,-0.200109409331461,1.3773514211047,-0.158523631667828,-0.944939548499983,1.2871753929207,0.184951911097975,-0.683568110111616,0.789070426911679,0.408996466460075
2021,"Neah Bay",4,"S",5,0,0,0,0,2,0,1,0,0,0,0,0,0,0,0,0,0,0,2,0,0,0,0,0,0,0,0,0,"#1F78B4","25",-0.925193661827814,-0.892429882105437,-0.13953763846587,-0.480822724310646,-0.228524636731602,0.946753398076429,0.957858393582032,0.605008342371673,-0.247388436587735,-0.838579556254682
2021,"Neah Bay",1,"S",10,19,0,0,0,0,0,4,0,0,0,0,0,15,0,1,0,0,0,4,0,0,0,0,0,0,16,0,0,"#1F78B4","25",-0.137523127275039,0.715576873170997,-0.140734272479325,-1.95024912996614,0.958165746110505,-0.281714718105461,0.172145026977358,-0.241138089623003,-0.662732963879758,0.798516947101869
2021,"Neah Bay",2,"S",10,0,0,0,0,0,0,5,0,0,0,0,1,0,1,0,0,0,0,20,0,0,2,0,0,0,0,0,0,"#1F78B4","25",-0.908496433611869,3.30636640271164,-1.35875583499483,0.272237321345938,-1.84509308739548,-1.69076197947164,-1.02495546257533,-2.025573025367,-0.732176442408073,-1.18335969534758
2021,"Neah Bay",3,"S",10,0,0,0,0,1,0,2,0,0,0,0,0,4,0,0,0,0,0,14,0,0,1,0,0,0,4,0,0,"#1F78B4","25",-0.287353408326672,1.85184664192987,-0.0333622633075075,0.0415456634607559,-1.61371573729313,0.826675009742655,0.16119097746358,0.0733073393694545,0.608217794874208,0.775091014944127
2021,"Neah Bay",4,"S",10,0,0,0,0,0,1,3,1,0,0,0,0,3,3,0,0,0,0,1,0,0,0,0,0,0,3,0,0,"#1F78B4","25",0.42255048178633,1.85171597064575,3.16925107188022,-1.42240639129496,1.01135097963431,-2.27162806944912,0.268265598281853,1.93760559164451,0.321551669600598,-2.2403199317947
