"year","site","transect","area","zone","AGAFIM","ALAMAR","COSCOS","CYMTRI","DESSPP","EGRMEN","LAMSET","MACPYR","NERLUE","NO_ALG","PLEGAR","PTECAL","SACGRO","SACLAT","col","pch","LD1","LD2","LD3","LD4"
2016,"Neah Bay",1,"N",5,0,0,0,0,0,0,0.45,0.266666666666667,0.183333333333333,0,0,2.36279069767442,0,0,"#1F78B4","21",-1.54858168623921,0.12433358375525,1.26041286978508,-0.317951762199453
2016,"Neah Bay",1,"N",10,0,0,0,0,0.0166666666666667,0,0,0.15,1.40159817351598,0,0,2.36547799611685,0,0.0666666666666667,"#1F78B4","21",-1.21947271618539,-1.54631467676642,0.653373104242145,0.556385288118489
2016,"Neah Bay",2,"N",5,0,0,0,0,0,0,0.683333333333333,0.366666666666667,0,0,0.0333333333333333,2.23333333333333,0.0166666666666667,0.0166666666666667,"#1F78B4","21",-1.9022250606403,0.896334245021595,1.89575323331182,-0.378796019419354
2016,"Neah Bay",2,"N",10,0,0,0,0,0.316666666666667,0,0,0.0833333333333333,1.79754072469654,0,0,0.716666666666667,0.166666666666667,0.366666666666667,"#1F78B4","21",-0.34357939443959,-1.97280623770395,-0.716034447078945,0.282653768989189
2016,"Neah Bay",3,"N",5,0,0,0,0,0.7,0,0,0.0333333333333333,0,0,0.05,2.79755943770632,0.233333333333333,0,"#1F78B4","21",-1.22669821096647,0.13966785903115,2.74130848307611,-0.575733532487503
2016,"Neah Bay",3,"N",10,0,0.283333333333333,0,0,0.683333333333333,0,0,0.0833333333333333,0.7,0,0.0333333333333333,0.266666666666667,0.633333333333333,0.1,"#1F78B4","21",0.597815926439849,-1.24287352385655,-1.87453056359154,-0.3516379003414
2016,"Neah Bay",4,"N",5,0,0,0,0,0.116666666666667,0,0,1.03333333333333,0,0,0.0666666666666667,2.65401876784986,0.0333333333333333,0.0166666666666667,"#1F78B4","21",-2.52769913478675,1.5705316807352,1.35038130458691,0.145533948791665
2016,"Neah Bay",4,"N",10,0,0,0,0,0,0,0.05,0.233333333333333,0.4,0,0,1.98505747126437,0,0.0833333333333333,"#1F78B4","21",-1.39251301759029,-0.480376938275476,0.735649172995968,-0.187876782868772
2016,"Neah Bay",5,"N",5,0,0.0166666666666667,0,0,0.133333333333333,0,0,0.78574297188755,0.0166666666666667,0,0.0333333333333333,1.51014492753623,0.0333333333333333,0,"#1F78B4","21",-2.21714103630787,1.4562441462597,0.940248639777749,-0.294387276590845
2016,"Neah Bay",5,"N",10,0,0,0,0,0,0,0.133333333333333,0.166666666666667,0.516666666666667,0,0,0.616666666666667,0,0.1,"#1F78B4","21",-0.390338647320582,-0.711038949360904,-0.908830529181148,-0.662590854363025
2016,"Tatoosh Island",1,"N",5,0,0,0.05,0,0,0,0.133333333333333,0,0.366666666666667,0,0,0.283333333333333,0,0,"#33A02C","21",1.23410508214601,-0.763067299689662,-1.56627428162741,-1.13890649281208
2016,"Tatoosh Island",1,"N",10,0,0,0.05,0,0.0666666666666667,0,0.183333333333333,0,4.7770170684163,0,0.216666666666667,0.166666666666667,0.5,0,"#33A02C","21",0.814756654389515,-2.78489577932636,-1.77221192102306,1.52045083574378
2016,"Tatoosh Island",2,"N",5,0,0,0.183333333333333,0.05,0,0,0.616666666666667,0,1.83010752688172,0,0,0.833333333333333,0,0,"#33A02C","21",-0.216405377524316,-2.21776557554782,-0.392216548446303,0.232539092317847
2016,"Tatoosh Island",2,"N",10,0,0,0.1,0,0.416666666666667,0,0,0,3.30925925925926,0,0.0333333333333333,0.716666666666667,0.516666666666667,0.0166666666666667,"#33A02C","21",-0.0757021757083005,-2.42194070240899,-0.603133885248314,0.615348199555049
2016,"Tatoosh Island",3,"N",5,0,0,0.3,0.333333333333333,0,0,0.0833333333333333,0,3.65495600414079,0,0,0.733333333333333,0.0166666666666667,0.0333333333333333,"#33A02C","21",-0.0940376839984914,-2.42971075544767,-0.571440698459679,0.673084703948055
2016,"Tatoosh Island",3,"N",10,0.0333333333333333,0,0.0833333333333333,0,0,0,0,0,3.24086021505376,0,0,0.116666666666667,0.116666666666667,0.0833333333333333,"#33A02C","21",0.960629847277363,-2.93854307147382,-1.90497191355381,1.57764226114494
2016,"Tatoosh Island",4,"N",5,0,0.0166666666666667,0.383333333333333,0.05,0.816666666666667,0,0.0333333333333333,0,4.51006289308176,0,0.4,0.55,1.93725490196078,0.0333333333333333,"#33A02C","21",0.152414754611626,-2.48967854614148,-0.932601544132515,0.821887790260282
2016,"Tatoosh Island",5,"N",5,0,0.0666666666666667,0.7,0,0.416666666666667,0,0,0,4.16835357624831,0,0.283333333333333,0.45,1.575,0.0333333333333333,"#33A02C","21",0.3076568476795,-2.5173099003176,-1.17546456819497,0.83860545070605
2016,"Cape Alava",1,"E",5,0,0,0,0.0333333333333333,0.0166666666666667,0,0,0,1.85,0,0,1.63333333333333,0,0,"#E31A1C","21",-0.713363899028216,-2.11059928217385,0.512745435462977,0.466609844337266
2016,"Cape Alava",1,"W",5,0,0,0,0,0.05,0,0.05,0,0.383333333333333,0,0.0666666666666667,0.75,0,0,"#E31A1C","21",0.0542954148186657,-0.998809046893717,-0.256087632667771,-1.03174874917338
2016,"Cape Alava",1,"W",10,0,0,0,0,0,0,0.15,0,1.83333333333333,0,0.05,0.166666666666667,0,0,"#E31A1C","21",0.974989055425755,-2.65614025355577,-1.9802271524916,0.910750093817844
2016,"Cape Alava",2,"E",5,0,0,0,0,0,0,0,0,2.25,0,0,0.916666666666667,0,0,"#E31A1C","21",-0.303407716223872,-2.27951035956217,-0.261668444083248,0.398012074025631
2016,"Cape Alava",2,"W",5,0,0,0,0,0,0,0.116666666666667,0,0.533333333333333,0,0.116666666666667,0.933333333333333,0,0,"#E31A1C","21",-0.244044261174823,-1.3163514383288,-0.0254263911013995,-0.691444514095825
2016,"Cape Alava",2,"W",10,0,0,0,0,0,0,0.1,0,7.53676470588235,0,0.025,1.49917582417582,0,0,"#E31A1C","21",-0.549126898756521,-2.29417632854219,0.39239813933924,1.09107933946193
2016,"Cape Alava",3,"E",5,0,0,0,0,0.0166666666666667,0,0.0166666666666667,0,1.61666666666667,0,0,1.11666666666667,0,0,"#E31A1C","21",-0.472943641154133,-2.10549058524924,0.0367665000751944,0.224026039417983
2016,"Cape Alava",3,"W",10,0,0,0,0,0,0,0.0666666666666667,0,0.0666666666666667,0,0.0166666666666667,0.533333333333333,0,0,"#E31A1C","21",0.722585895849638,0.357356485472733,0.0498168692660607,-1.82106315840377
2016,"Cape Alava",4,"W",10,0,0,0,0,0,0,0.0333333333333333,0,0.466666666666667,0,0.1,0.75,0,0,"#E31A1C","21",0.0249464171907354,-1.18402804067066,-0.320440609974162,-0.89668459920268
2016,"Cape Alava",5,"W",10,0,0,0,0,0,0,0.05,0,0.133333333333333,0,0.0666666666666667,0.233333333333333,0,0,"#E31A1C","21",1.84287756564082,0.442593330427221,-1.23843719657704,-1.56211888136309
2016,"Cape Johnson",1,"N",5,0,0,0,0,0,0,0,2.95,0.233333333333333,0,0,0.916666666666667,0.0833333333333333,0,"#6A3D9A","21",-2.48600814673996,1.74519153178412,-1.12845591923477,0.336448257984651
2016,"Cape Johnson",1,"S",5,0,0.1,0,0,0.0333333333333333,0,0,1.31666666666667,0.183333333333333,0,0,0.266666666666667,0.283333333333333,0,"#6A3D9A","21",-1.63302095724227,2.3708771295514,-2.38157433019889,-0.0124121177633074
2016,"Cape Johnson",1,"S",10,0,0,0,0,0,0,0,0,0,0,0,0,0,0,"#6A3D9A","21",3.61474177787466,1.72188570168368,1.57063663361399,2.20057901581105
2016,"Cape Johnson",2,"N",5,0,0,0,0,0,0,0,2.16666666666667,0.0166666666666667,0,0,1.4,0.0333333333333333,0,"#6A3D9A","21",-2.72112286290234,2.11629390896749,0.220248239223741,0.217024849340072
2016,"Cape Johnson",2,"S",5,0,0.0166666666666667,0,0,0,0,0,0.966666666666667,0.0333333333333333,0,0.0666666666666667,0.75,0.1,0,"#6A3D9A","21",-1.97138072412597,2.00508566720295,-0.398259862170551,-0.539113629868833
2016,"Cape Johnson",2,"S",10,0,0,0,0,0,0,0,0,0,0,0,0,0,0,"#6A3D9A","21",3.61474177787466,1.72188570168368,1.57063663361399,2.20057901581105
2016,"Cape Johnson",3,"N",5,0,0,0,0,0,0,0,2.46666666666667,0.116666666666667,0,0,1.16666666666667,0.183333333333333,0,"#6A3D9A","21",-2.5865953153951,1.92009972186,-0.45500092261487,0.224023780009178
2016,"Cape Johnson",3,"S",5,0,0,0,0,0,0,0.4,0,0.116666666666667,0,0.0333333333333333,1.5,0,0,"#6A3D9A","21",-0.6547651435809,-0.299069287785488,1.4972454247022,-1.01138165136475
2016,"Cape Johnson",3,"S",10,0,0,0,0,0,0,0,0,0,0,0,0,0,0,"#6A3D9A","21",3.61474177787466,1.72188570168368,1.57063663361399,2.20057901581105
2016,"Cape Johnson",4,"S",10,0,0,0,0,0,0,0,0,0,0,0,0.05,0,0,"#6A3D9A","21",3.56209979030552,1.9226627722634,0.545334802095584,0.376207052696716
2016,"Cape Johnson",5,"S",10,0,0,0,0,0,0,0,0,0,0,0.2,0.05,0,0,"#6A3D9A","21",3.56209979030552,1.92266277226339,0.545334802095584,0.376207052696716
2016,"Cape Johnson",6,"S",10,0,0,0,0,0.05,0,0,0,0,0,0.25,0.25,0,0,"#6A3D9A","21",1.92114341993591,1.37760799370429,-0.294627362747324,-1.80096971621699
2016,"Cape Johnson",7,"S",10,0,0,0,0,0,0,0,0,0,0,0.4,0.75,0,0,"#6A3D9A","21",0.073606236305373,0.417154923795862,1.10344700770359,-1.7667845252572
2016,"Destruction Island",1,"S",5,0,0.166666666666667,0.266666666666667,0,0.0333333333333333,0,0.0166666666666667,0,0.533333333333333,0,0,0.216666666666667,0,0,"#B15928","21",1.29982448991141,-1.29640418853586,-1.87514180580919,-0.620584333713153
2016,"Destruction Island",1,"N",10,0,0,0,0,0,0,0,0,0.0166666666666667,0,0,0.2,0,0,"#B15928","21",2.31294506065848,1.41472265960442,-0.48356056920035,-1.57920566055768
2016,"Destruction Island",1,"S",10,0,0,0,0,0,0,0,0,0,0,0,0,0.3,0,"#B15928","21",3.61474177787466,1.72188570168368,1.57063663361399,2.20057901581105
2016,"Destruction Island",2,"S",5,0,0.85,1,0,0.3,0,0.825,0,1.975,0,0,0.125,0,0,"#B15928","21",1.04529658589768,-2.81687605049077,-2.01712380125554,1.20326511142562
2016,"Destruction Island",2,"N",10,0,0,0,0,0,0,0,0,0,0,0,0,0,0,"#B15928","21",3.61474177787466,1.72188570168368,1.57063663361399,2.20057901581105
2016,"Destruction Island",2,"S",10,0,0,0,0,0,0,0,0,0.183333333333333,0,0,0,0.166666666666667,0,"#B15928","21",2.34877365156052,-0.327840575066655,-1.50855531337107,0.683343045125001
2017,"Neah Bay",1,"N",5,0,0,0,0,0,0,0,0.116666666666667,0.116666666666667,0,0,3.09710484336286,0.1,0,"#1F78B4","22",-1.32363091462558,0.00498450384031485,1.92899497383119,-0.373264583806375
2017,"Neah Bay",1,"S",5,0,0,0,0,0,0,0.35,5.9261715296198,0,0,0.316666666666667,4.0598544973545,0.266666666666667,0,"#1F78B4","22",-2.86550957308256,2.24840348407412,0.622977093872569,0.941023985750705
2017,"Neah Bay",1,"N",10,0,0,0,0,0.0166666666666667,0,0.0166666666666667,1.96797385620915,1.04540229885057,0,0.0333333333333333,3.13939393939394,0.216666666666667,0.0833333333333333,"#1F78B4","22",-2.46213818785868,0.190425669433507,-0.185920579920054,1.12456170293715
2017,"Neah Bay",1,"S",10,0,0,0,0,0,0,0,1.72872340425532,0.0833333333333333,0,0,3.11655168757999,0.166666666666667,0,"#1F78B4","22",-2.65088518121895,1.62632481056396,0.768703300773199,0.438300612923512
2017,"Neah Bay",2,"N",5,0,0,0,0,0,0,0,0.6,0.116666666666667,0,0.25,3.11503189792663,0.15,0,"#1F78B4","22",-2.05753444402304,0.817924433161434,1.2677991576492,0.00495000047580304
2017,"Neah Bay",2,"S",5,0,0,0,0,0,0,1.23139534883721,5.89484126984127,0,0,0.183333333333333,0.933333333333333,0.0666666666666667,0,"#1F78B4","22",-2.6900885582112,2.65858417967359,-0.67827662478754,0.520175890178296
2017,"Neah Bay",2,"N",10,0,0,0,0,0,0,0.1,2.09803921568627,0.25,0,0.0166666666666667,2.24297428548682,0.316666666666667,0,"#1F78B4","22",-2.61880045920437,1.26996085989276,0.0865026129312216,0.500390487693825
2017,"Neah Bay",2,"S",10,0,0,0,0,0,0,0,1.21052631578947,0.1,0,0,5.80342902711324,0.0333333333333333,0,"#1F78B4","22",-2.39902152712156,1.33710319307507,1.06422931438598,0.499001828746947
2017,"Neah Bay",3,"N",5,0,0,0,0,0,0,0,0.0833333333333333,0,0,0.333333333333333,2.81888408022709,0.1,0,"#1F78B4","22",-1.36984919881589,0.274534199277433,2.6037105115946,-0.513664827140194
2017,"Neah Bay",3,"S",5,0,0,0,0,0,0,0.872222222222222,3.77777777777778,0,0,0.15,1.52222222222222,0.455555555555556,0,"#1F78B4","22",-2.87616478001684,2.32752473732192,0.138629961583518,0.513950613730965
2017,"Neah Bay",3,"N",10,0,0,0,0,0,0,0.0833333333333333,0.216666666666667,0.283333333333333,0,0.0333333333333333,1.16666666666667,0.0166666666666667,0.0833333333333333,"#1F78B4","22",-1.08447380742669,-0.18707502844972,0.233922425864928,-0.659202650811076
2017,"Neah Bay",3,"S",10,0,0,0,0,0,0,0,1.35,0.116666666666667,0,0,4.70782757547464,0.0333333333333333,0,"#1F78B4","22",-2.47216020810349,1.36223173615074,0.91501123227355,0.482237174067735
2017,"Tatoosh Island",1,"N",5,0,0,0.283333333333333,0,0.0666666666666667,0,0.566666666666667,0,2.44180737961226,0,0.833333333333333,1.35833333333333,0.333333333333333,0,"#33A02C","22",-0.593795029616867,-2.23657848085653,0.283532823975161,0.563837653641434
2017,"Tatoosh Island",1,"S",5,0,0,0.233333333333333,0,0.366666666666667,0,0,0,1.24234234234234,0,0.383333333333333,0.533333333333333,0.0833333333333333,0,"#33A02C","22",0.246798281318189,-2.05508366775356,-1.00612529756961,-0.125060395058661
2017,"Tatoosh Island",1,"N",10,0,0,0.15,0,0.0166666666666667,0,0.05,0,1.64848436587567,0,0.283333333333333,1.79463064295486,0.116666666666667,0,"#33A02C","22",-0.76828106676685,-2.04098936682632,0.626202728740202,0.432068245972568
2017,"Tatoosh Island",1,"S",10,0,0,0,0,0,0,0,0,0.833333333333333,0,0.2,0.8,0,0,"#33A02C","22",-0.129421022915989,-1.70542653324683,-0.36805252326794,-0.413264802235842
2017,"Tatoosh Island",2,"N",5,0,0.05,0.483333333333333,0,0.2,0,0.383333333333333,0,4.98429324764141,0,0.416666666666667,1.42642276422764,0.516666666666667,0,"#33A02C","22",-0.566903202282663,-2.32640824720813,0.327036691316529,0.937266997511441
2017,"Tatoosh Island",2,"S",5,0,0,0.45,0,0,0,0,0,0.626811594202899,0,0.05,0.533333333333333,0,0,"#33A02C","22",0.373940948783231,-1.45176502088989,-0.915014805927912,-0.758290811462372
2017,"Tatoosh Island",2,"N",10,0,0,0,0,0,0,0,0,3.16666666666667,0,0.166666666666667,2.04656862745098,0.183333333333333,0,"#33A02C","22",-0.773834079663186,-2.22183724450375,0.713420224163737,0.85445101424748
2017,"Tatoosh Island",2,"S",10,0,0,0.4,0,0.1,0,0,0,1.57619047619048,0,0,0.8,0,0,"#33A02C","22",-0.17520288506101,-2.14802710377233,-0.442625827376554,0.108496003089862
2017,"Tatoosh Island",3,"S",5,0,0,1.34761904761905,0,0.05,0,0,0,2.28333333333333,0,0.116666666666667,0.916666666666667,0,0,"#33A02C","22",-0.30314756913431,-2.28433115711092,-0.261880941507289,0.407843022569789
2017,"Tatoosh Island",3,"N",10,0,0,0.183333333333333,0,0,0,0.0666666666666667,0,2.46848739495798,0,0.0833333333333333,2.02913919830264,0.05,0,"#33A02C","22",-0.792793392841362,-2.16752351128189,0.719170843496403,0.721422237791453
2017,"Tatoosh Island",3,"S",10,0,0,0.416666666666667,0,0.05,0,0,0,2.06965953480994,0,0.1,1.50826609713653,0,0,"#33A02C","22",-0.665299229080362,-2.16625329463558,0.416479543962171,0.504359363177507
2017,"Cape Alava",1,"E",5,0,0.05,0,0,0,0.0166666666666667,0,0,3.58039215686275,0,0,1.42289156626506,0,0,"#E31A1C","22",-0.593824466239234,-2.30735469843263,0.326366839023402,0.789623537328107
2017,"Cape Alava",1,"W",5,0,0,0,0,0,0,0,0,1.35294117647059,0,0,1.11666666666667,0,0,"#E31A1C","22",-0.47465155182081,-2.00629573794775,0.0541421319738154,0.0936972918871505
2017,"Cape Alava",1,"E",10,0,0,0,0,0,0,0,0,0.116666666666667,0,0,0.0666666666666667,0.1,0,"#E31A1C","22",2.8501748461904,0.666981049370662,-1.19092702939865,-0.433946036878258
2017,"Cape Alava",2,"E",5,0,0.05,0,0.0166666666666667,0,0,0.0333333333333333,0,7.58794366552987,0,0,1.08333333333333,0,0,"#E31A1C","22",-0.354217158607952,-2.35043923668308,-0.0202495241689444,1.02461238596684
2017,"Cape Alava",2,"W",5,0,0,0,0,0,0,0,0,0.616666666666667,0,0,1,0,0,"#E31A1C","22",-0.329090274986478,-1.44531852159027,0.037491630390911,-0.549585462087814
2017,"Cape Alava",2,"E",10,0,0,0,0,0,0,0,0,0.383333333333333,0,0,0.183333333333333,0.0666666666666667,0,"#E31A1C","22",1.58069063171018,-0.862899250587959,-1.86808852579765,-0.802566774062476
2017,"Cape Alava",3,"E",5,0,0,0,0,0,0,0,0,4.76656217345873,0,0.0166666666666667,0.666666666666667,0,0,"#E31A1C","22",-0.0044756152084981,-2.45895077656289,-0.686308298094792,0.815995560330489
2017,"Cape Alava",3,"W",5,0,0,0,0,0,0,0.05,0,2.60806451612903,0,0,1.26666666666667,0,0,"#E31A1C","22",-0.545258819185765,-2.26617646252884,0.188069352205156,0.579845876840186
2017,"Cape Alava",3,"E",10,0,0.0166666666666667,0,0,0,0,0.0333333333333333,0,1.96969696969697,0,0.0333333333333333,0.216666666666667,0.1,0,"#E31A1C","22",0.84997625532955,-2.57255367818899,-1.87741116335162,0.748618435813244
2017,"Cape Alava",4,"E",5,0,0,0,0,0,0,0.0166666666666667,0,1.2452380952381,0,0,1.5,0,0,"#E31A1C","22",-0.683014166881494,-1.9189472465778,0.465232149553956,0.162035960897801
2017,"Cape Alava",4,"W",5,0,0,0,0,0,0,0.0666666666666667,0,0.416666666666667,0,0,1.05,0,0,"#E31A1C","22",-0.342641630349211,-1.10731762762247,0.246526041459415,-0.788486309188812
2017,"Cape Johnson",1,"N",5,0,0,0,0,0,0,0.4,0,0.4,0,0.1,0.766666666666667,0,0,"#6A3D9A","22",0.0214471829283689,-1.04211450044166,-0.237002674567889,-0.992071263574971
2017,"Cape Johnson",1,"S",5,0,0,0,0,0,0,0.133333333333333,5.61666666666667,0.1,0,0,0.15,0,0,"#6A3D9A","22",-2.16680980357271,3.44940617400101,-2.59270992914219,1.06887574679657
2017,"Cape Johnson",2,"N",5,0,0,0,0,0,0,0.583333333333333,4.08333333333333,0.816666666666667,0,0.05,1.5,0,0,"#6A3D9A","22",-2.56776677962401,0.706740246385906,-0.923987402977021,1.05226454026523
2017,"Cape Johnson",2,"S",5,0,0,0,0,0,0,0.366666666666667,3.11666666666667,0.316666666666667,0,0,1.11666666666667,0,0,"#6A3D9A","22",-2.54389670052688,1.44546502733483,-0.960366244343776,0.485123263626188
2017,"Cape Johnson",2,"N",10,0,0,0,0,0,0,0,0,0,0,0,0.25,0,0,"#6A3D9A","22",1.92114341993591,1.37760799370429,-0.294627362747324,-1.80096971621699
2017,"Cape Johnson",3,"N",5,0,0,0,0,0,0,0.566666666666667,5.36666666666667,0.716666666666667,0,0,1.33333333333333,0,0,"#6A3D9A","22",-2.5444097374079,0.896451403599767,-1.04802860044301,1.02839826817295
2017,"Cape Johnson",3,"S",5,0,0,0,0,0,0,0.116666666666667,4.03333333333333,0.433333333333333,0,0,1.2,0,0,"#6A3D9A","22",-2.56728839078748,1.26202077296647,-1.01709105297682,0.706907006472886
2017,"Cape Johnson",3,"N",10,0,0,0,0,0,0,0.05,0,0.0166666666666667,0,0,0.333333333333333,0,0,"#6A3D9A","22",1.51629436198411,1.04339645479956,-0.192016573574097,-1.91923092953234
2017,"Cape Johnson",4,"N",5,0,0,0,0,0,0,0.45,4.5,1.41666666666667,0,0,0.4,0,0,"#6A3D9A","22",-2.08002804895296,0.698399722555885,-2.66552529684179,1.45398625851371
2017,"Cape Johnson",4,"S",10,0,0,0,0,0,0,0.025,0,0,0,0,0.175,0,0,"#6A3D9A","22",2.44550293393261,1.60351722874029,-0.333185639725367,-1.4406208179191
2017,"Cape Johnson",5,"S",10,0,0,0,0,0,0,0.133333333333333,0,0,0,0,1.35,0,0,"#6A3D9A","22",-0.706682505547495,0.122778763558053,2.1066662684751,-1.23558241119379
2017,"Cape Johnson",6,"S",10,0,0,0,0,0,0,0.133333333333333,0,0.0166666666666667,0,0,1.1,0,0,"#6A3D9A","22",-0.420120634855708,0.154853589428405,1.6547286213694,-1.4106258594942
2017,"Destruction Island",1,"N",5,0,0,0,0,0.05,0,0.0166666666666667,0,0.6,0,0,0.2,0,0,"#B15928","22",1.29718686514995,-1.48200771298284,-1.94003860726882,-0.430082205604681
2017,"Destruction Island",1,"S",5,0,0,0.0666666666666667,0,0.0166666666666667,0,0.0666666666666667,0,3.97629399585921,0,0,0.3,0,0,"#B15928","22",0.584280577989153,-2.60244766207233,-1.5572756000854,1.00645911781321
2017,"Destruction Island",1,"S",10,0,0,0,0,0,0,0,0,0.0166666666666667,0,0,0.35,0,0,"#B15928","22",1.43367676581265,1.00097898593471,-0.143853241778863,-1.93194814389182
2017,"Destruction Island",2,"N",5,0,0,0,0,0.05,0,0.0666666666666667,0.1,2.66709401709402,0,0,1.61665569453588,0,0,"#B15928","22",-0.925828636092674,-1.97155039466256,0.332759706046487,0.753749379756482
2017,"Destruction Island",2,"S",5,0,0.0166666666666667,0.116666666666667,0,0.0166666666666667,0,0,0,8.28694331983806,0,0,0.701515151515151,0,0,"#B15928","22",-0.0158564043885514,-2.40464266401788,-0.583446377751734,1.0325231827684
2017,"Destruction Island",2,"S",10,0,0,0,0,0,0,0,0,0,0,0,0.35,0,0,"#B15928","22",1.37046980435715,1.090256929628,-0.0337502090350886,-1.97280203060297
2017,"Destruction Island",3,"N",5,0,0,0,0,0,0.0166666666666667,0,0,0.316666666666667,0,0,0.566666666666667,0,0,"#B15928","22",0.444198392636108,-0.744897525054164,-0.614101317020636,-1.27143943985425
2017,"Destruction Island",3,"S",5,0,0.05,0.225,0,0.075,0,0,0,6.70673076923077,0,0,0.35,0,0,"#B15928","22",0.47204389347344,-2.5246765293338,-1.34787430067705,1.16165782647738
2018,"Neah Bay",1,"N",5,0,0,0.0166666666666667,0.0333333333333333,0.05,0,0.133333333333333,0.15,0.133333333333333,0,0.1,2.64545454545455,0,0,"#1F78B4","23",-1.36014962345064,0.0315035510801484,1.70277860307426,-0.421267546962325
2018,"Neah Bay",1,"S",5,0,0,0,0,0.0166666666666667,0,0.833333333333333,0.4,0.0166666666666667,0,0.15,2.08827160493827,0,0.166666666666667,"#1F78B4","23",-1.88713030459286,0.914141396898529,1.70272832905445,-0.393578523810424
2018,"Neah Bay",1,"N",10,0,0,0,0,0,0,0.0333333333333333,0.0166666666666667,0.05,0,0,0.0333333333333333,0,1.66268656716418,"#1F78B4","23",3.0899806398601,1.3842784757738,-0.385015022404852,0.325349390265541
2018,"Neah Bay",1,"S",10,0,0,0,0,0,0,0.0333333333333333,0.0166666666666667,0.0666666666666667,0,0.0166666666666667,0.616666666666667,0,0.466666666666667,"#1F78B4","23",0.400418668976971,0.322776004105609,0.252482056082812,-1.72577445312711
2018,"Neah Bay",2,"N",5,0,0,0,0,0.0166666666666667,0,0.183333333333333,0.9,0.133333333333333,0,0.05,2.28558027338515,0.233333333333333,0.05,"#1F78B4","23",-2.26083995098282,1.05947667668524,0.794764974045173,0.0354341883993577
2018,"Neah Bay",2,"S",5,0,0,0,0,0.0666666666666667,0,1.01666666666667,1.3,0.05,0,0.0666666666666667,1.22145593869732,0,0.133333333333333,"#1F78B4","23",-2.40245560410667,1.78304261086677,0.163726585024048,-0.127192530917972
2018,"Neah Bay",2,"N",10,0,0,0.05,0,0.25,0,0.05,0.116666666666667,0.666666666666667,0,0,0.4,0,0.533333333333333,"#1F78B4","23",0.147596282979241,-1.05762573955515,-1.49033752295747,-0.522146097427887
2018,"Neah Bay",2,"S",10,0,0,0,0,0,0,0.283333333333333,0.133333333333333,0.0166666666666667,0,0,0.616666666666667,0,0.15,"#1F78B4","23",-0.212892900540882,0.977347984099827,0.343629514805213,-1.60090972079497
2018,"Neah Bay",3,"N",5,0,0,0,0,0.1,0,0.15,1.59047619047619,0,0,0,1.79282624369142,0.0666666666666667,0,"#1F78B4","23",-2.70663107956197,1.91555966466969,0.749088565733464,0.17996823364294
2018,"Neah Bay",3,"S",5,0,0,0,0,0,0,0.383333333333333,1.2,0.0166666666666667,0,0,2.0031746031746,0,0.15,"#1F78B4","23",-2.54246029388838,1.66384223115815,0.979049257857684,0.0790538795597128
2018,"Neah Bay",3,"N",10,0,0,0.05,0,0.466666666666667,0,0.15,0.0166666666666667,0.266666666666667,0,0,0.133333333333333,0,1.43333333333333,"#1F78B4","23",1.84448889992834,-0.282179787207152,-1.82365653712006,-0.754907369461135
2018,"Neah Bay",3,"S",10,0,0,0,0,0,0,0.25,0.15,0.283333333333333,0,0,1.31666666666667,0,0.116666666666667,"#1F78B4","23",-1.0060216761745,-0.372142839518402,0.519336601472151,-0.656908225789789
2018,"Neah Bay",4,"N",5,0,0,0,0,0.05,0,0.1,0.0666666666666667,0.0333333333333333,0,0,1.6,0.0333333333333333,0,"#1F78B4","23",-1.00213257000426,0.185895022970746,1.9325726357018,-0.949997231036795
2018,"Neah Bay",4,"N",10,0,0,0,0,0.3,0,0.183333333333333,0.516666666666667,0.1,0,0,0.266666666666667,0,1.93567251461988,"#1F78B4","23",-0.610688225521073,2.08957812071515,-1.78191529174626,-0.823844647520432
2018,"Tatoosh Island",1,"N",5,0,0.05,0.0333333333333333,0,0.116666666666667,0,3.10694444444444,0,7.62948717948718,0,4.07610907610908,3.6578947368421,0,0,"#33A02C","23",-0.758234890259202,-2.13692905747343,0.987788843931287,1.32202982035863
2018,"Tatoosh Island",1,"S",5,0,0,0.666666666666667,0.0333333333333333,0.05,0,0.0333333333333333,0,1.41428571428571,0,0.166666666666667,1.86428571428571,0.0333333333333333,0,"#33A02C","23",-0.795376410509815,-1.95524499865635,0.684822254435156,0.348139491015602
2018,"Tatoosh Island",1,"N",10,0.0166666666666667,0,0.216666666666667,0,0.05,0,0.116666666666667,0,2.03333333333333,0,0.133333333333333,2.00833333333333,0.0666666666666667,0,"#33A02C","23",-0.803395386853229,-2.11072800666468,0.718212958113086,0.608479744642019
2018,"Tatoosh Island",1,"S",10,0,0,0.316666666666667,0,0,0,0,0,0.233333333333333,0,0,4.34626865671642,0,0,"#33A02C","23",-1.0272359019233,-0.621129686227706,1.95277843607245,-0.183599030523337
2018,"Tatoosh Island",2,"N",5,0,0,0,0,0.0333333333333333,0,2.17012012012012,0,2.77159555815313,0,2.46111111111111,6.91253191253191,0,0,"#33A02C","23",-0.822874223258772,-2.0346590127982,1.10556291590946,1.14982708926052
2018,"Tatoosh Island",2,"S",5,0,0,0.183333333333333,0,0.0166666666666667,0,0,0,0.483333333333333,0,0,2.25,0,0,"#33A02C","23",-0.880613962422586,-1.19974993099286,1.17357350155785,-0.248288685558765
2018,"Tatoosh Island",2,"N",10,0,0.0333333333333333,0.0333333333333333,0,0,0,0.0833333333333333,0,0.8,0,0,2.24761904761905,0,0,"#33A02C","23",-0.880970528059325,-1.57716552069292,0.984140992078252,0.055944781741378
2018,"Tatoosh Island",2,"S",10,0,0,0.25,0,0.05,0,0,0,0.15,0,0,0.933333333333333,0,0,"#33A02C","23",-0.140056882049307,-0.307781608597358,0.574205890721671,-1.32908610175755
2018,"Tatoosh Island",3,"N",5,0,0,0,0,0.116666666666667,0,3.56031746031746,0,0.85,0,0,0.433333333333333,0,0,"#33A02C","23",0.523087473092066,-1.74832415647893,-1.26022608017773,-0.468849542707634
2018,"Tatoosh Island",3,"S",5,0,0,0.0333333333333333,0,0,0,0.0166666666666667,0,0.4,0,0.0166666666666667,2.45833333333333,0,0,"#33A02C","23",-0.911656010538779,-1.04811403009118,1.33292359635112,-0.296675771347251
2018,"Tatoosh Island",3,"N",10,0,0,0.266666666666667,0,0,0,0.0833333333333333,0,0.65,0,0,1.41666666666667,0.0166666666666667,0,"#33A02C","23",-0.630775007104304,-1.47872796197519,0.533703778904171,-0.321709269224813
2018,"Tatoosh Island",3,"S",10,0,0,0.0833333333333333,0,0,0,0,0,0.7,0,0.45,0.85,0,0,"#33A02C","23",-0.174228990496022,-1.55693204410859,-0.24515934356085,-0.529101903530486
2018,"Cape Alava",1,"E",5,0,0,0,0,0,0,0.1,0,1.93333333333333,0,0,1.06666666666667,0,0,"#E31A1C","23",-0.431713906798975,-2.19829367273008,-0.040716270338845,0.334965718834562
2018,"Cape Alava",1,"W",5,0,0.0166666666666667,0,0.0166666666666667,0,0,0,0,1.68458781362007,0,0,4.16405816405816,0,0,"#E31A1C","23",-0.922520430701836,-1.94520142962357,1.11827617470207,0.774460349835277
2018,"Cape Alava",1,"E",10,0,0,0,0,0,0,0.15,0,0,0,0.0833333333333333,0.383333333333333,0,0,"#E31A1C","23",1.21385609774236,1.00790015403877,0.0653676656412533,-1.99138262864649
2018,"Cape Alava",1,"W",10,0,0,0,0,0.0166666666666667,0,0.0833333333333333,0,0,0,0.05,0.0666666666666667,0,0,"#E31A1C","23",3.40684820601943,1.89969112626333,0.305229363559245,-0.0428304737265229
2018,"Cape Alava",2,"E",5,0,0,0,0,0.0166666666666667,0,0.05,0,1,0,0,1.43333333333333,0,0,"#E31A1C","23",-0.654173828399295,-1.78708533932028,0.448628629230092,-0.014933564865652
2018,"Cape Alava",2,"W",5,0,0,0,0,0,0,0.0666666666666667,0,0.516666666666667,0,0,1.05,0,0,"#E31A1C","23",-0.360986188687213,-1.29294507675847,0.16988427082274,-0.649344516241544
2018,"Cape Alava",2,"E",10,0,0,0,0,0,0,0.05,0,0.15,0,0.0666666666666667,0.283333333333333,0,0,"#E31A1C","23",1.5691869780029,0.263283661836689,-1.15816468853321,-1.6280984801154
2018,"Cape Alava",2,"W",10,0,0,0,0,0,0,0.1,0,0,0,0,0.266666666666667,0,0,"#E31A1C","23",1.81821070985805,1.32846062892164,-0.266235568230584,-1.84843936543459
2018,"Cape Alava",3,"E",5,0,0,0,0,0,0,0,0,0.133333333333333,0,0,0.633333333333333,0,0,"#E31A1C","23",0.423608300619681,-0.0810760803894378,-0.0125178108220506,-1.61304735231395
2018,"Cape Alava",3,"W",5,0,0,0,0,0,0,0.566666666666667,0,5.72222222222222,0,0,1.48333333333333,0,0,"#E31A1C","23",-0.574592330010897,-2.31585882302219,0.37430792670238,1.00025813734109
2018,"Cape Alava",3,"E",10,0,0,0,0,0,0,0.0166666666666667,0,0.116666666666667,0,0.05,0.266666666666667,0,0,"#E31A1C","23",1.71289959891225,0.506016496504434,-1.07699388111099,-1.67364068403381
2018,"Cape Alava",4,"E",10,0,0,0,0,0,0,0.0166666666666667,0,0.133333333333333,0,0.0666666666666667,0.566666666666667,0,0,"#E31A1C","23",0.592800036416171,-0.0195380047179904,-0.19269384171071,-1.66222602602885
2018,"Cape Johnson",1,"N",5,0,0,0,0,0.4,0,0.1,2.83333333333333,0.283333333333333,0,0,0.916666666666667,0,0,"#6A3D9A","23",-2.46228416798025,1.58543928022645,-1.19594994598751,0.365937383453607
2018,"Cape Johnson",1,"S",5,0,0,0,0,0,0,0,4.63333333333333,0,0,0,0.216666666666667,0,0,"#6A3D9A","23",-2.28566368893475,3.79991363637442,-2.27570162055791,0.82120376640934
2018,"Cape Johnson",1,"N",10,0,0,0,0,0,0,0.0333333333333333,0,0.0166666666666667,0,0.466666666666667,0.416666666666667,0,0,"#6A3D9A","23",1.13356909175126,0.850054432625422,0.0595328523095089,-1.95447597277526
2018,"Cape Johnson",1,"S",10,0,0,0,0,0,0,0,0.0333333333333333,0,0,0,0,0,0,"#6A3D9A","23",2.75270001791267,1.81267606054126,0.995147154820589,1.83724408287562
2018,"Cape Johnson",2,"N",5,0,0,0,0,0,0,0.0166666666666667,3.71666666666667,0,0,0.0333333333333333,0.133333333333333,0,0,"#6A3D9A","23",-2.29649130620002,4.02765103740279,-2.38476299595329,1.07877056227236
2018,"Cape Johnson",2,"S",5,0,0,0,0,0,0,0,2.71666666666667,0,0,0,0.0166666666666667,0,0,"#6A3D9A","23",-2.46371766332051,4.35858681929852,-2.37359913679454,1.70837500663769
2018,"Cape Johnson",2,"N",10,0,0,0,0,0,0,0,0,0,0,0.216666666666667,0.25,0,0,"#6A3D9A","23",1.92114341993591,1.37760799370429,-0.294627362747324,-1.80096971621699
2018,"Cape Johnson",2,"S",10,0,0,0,0,0,0,0.0166666666666667,0,0,0,0.0166666666666667,0.0666666666666667,0,0,"#6A3D9A","23",3.40684820601943,1.89969112626333,0.305229363559245,-0.0428304737265226
2018,"Cape Johnson",3,"N",5,0,0,0,0,0,0,0,0,0.233333333333333,0,0.0833333333333333,1.08333333333333,0,0,"#6A3D9A","23",-0.344693206212481,-0.634373501082806,0.585184359784867,-1.06433585626263
2018,"Cape Johnson",3,"S",5,0,0,0,0,0,0,0.0833333333333333,3.16666666666667,0,0,0,0.733333333333333,0,0,"#6A3D9A","23",-2.60056305749753,2.76360384269774,-0.922447319790834,0.216883587116237
2018,"Cape Johnson",3,"N",10,0,0,0,0,0,0,0,0,0.0166666666666667,0,0.0333333333333333,0.45,0,0,"#6A3D9A","23",1.00182213101617,0.781223250047704,0.168800214273653,-1.94978638784474
2018,"Cape Johnson",3,"S",10,0,0,0,0,0,0,0,0,0,0,0.0166666666666667,0,0,0,"#6A3D9A","23",3.61474177787466,1.72188570168368,1.57063663361399,2.20057901581105
2018,"Destruction Island",1,"N",5,0,0.0333333333333333,0,0,0.0666666666666667,0,0,0,0.55,0,0,2.52916666666667,0,0,"#B15928","23",-0.9175192181124,-1.28822571181837,1.21085570922077,-0.114205286214647
2018,"Destruction Island",1,"S",5,0,0,0,0,0.55,0,0.0166666666666667,0,0.783333333333333,0,0.233333333333333,1.03333333333333,0,0,"#B15928","23",-0.382422038462104,-1.63874376897235,0.0285999695695776,-0.354080446629555
2018,"Destruction Island",1,"N",10,0,0,0,0,0.466666666666667,0,0.0166666666666667,0,0.116666666666667,0,0,0.0333333333333333,0,0,"#B15928","23",2.907766089521,0.563168438444075,-1.09963965904729,0.0981974578269489
2018,"Destruction Island",1,"S",10,0,0,0,0,0,0,0,0,0,0,0,0,0,0,"#B15928","23",3.61474177787466,1.72188570168368,1.57063663361399,2.20057901581105
2018,"Destruction Island",2,"N",5,0,0,0,0,0,0,0,0,0.183333333333333,0,0,0.916666666666667,0,0,"#B15928","23",-0.129968576594251,-0.426398840472391,0.432221419464199,-1.27585340142864
2018,"Destruction Island",2,"S",5,0,0.166666666666667,0.1,0,0.316666666666667,0,0.116666666666667,0,8.65476190476191,0,0,0.733333333333333,0,0,"#B15928","23",-0.0480999851441037,-2.39194386154852,-0.526066313254025,1.04335122036684
2018,"Destruction Island",2,"N",10,0.0833333333333333,0,0,0,0.783333333333333,0,0,0,0,0,0,0.0166666666666667,0,0,"#B15928","23",3.78736923730628,1.87647995227829,1.21843230707267,1.53328361687909
2018,"Destruction Island",2,"S",10,0,0,0,0,0,0,0,0,0.15,0,0,0,0,0,"#B15928","23",2.51352829850591,-0.0304389578365027,-1.29404286963076,0.704500491265044
2018,"Destruction Island",3,"N",5,0,0,0,0,0.316666666666667,0,0,0,0.0666666666666667,0,0,0.366666666666667,0,0,"#B15928","23",1.32888780852381,0.639363997791269,-0.48445967374459,-1.86461807542392
2018,"Destruction Island",3,"S",5,0,0.283333333333333,0.25,0,0.0333333333333333,0,0,0,6,0,0,0.266666666666667,0,0,"#B15928","23",0.619051681308095,-2.60089457561936,-1.55999266634545,1.27880737826803
2018,"Destruction Island",3,"N",10,0.65,0,0,0,0.05,0,0,0,0,0,0,0,0,0,"#B15928","23",3.61474177787466,1.72188570168368,1.57063663361399,2.20057901581105
2018,"Destruction Island",3,"S",10,0,0,0,0,0,0,0,0,0,0,0,0,0,0,"#B15928","23",3.61474177787466,1.72188570168368,1.57063663361399,2.20057901581105
2018,"Destruction Island",4,"N",10,0.0333333333333333,0,0,0,0.1,0,0,0,0,0,0,0.05,0,0,"#B15928","23",3.56209979030552,1.92266277226339,0.545334802095585,0.376207052696716
2018,"Destruction Island",5,"N",10,0,0,0,0,0.333333333333333,0,0,0,0.0166666666666667,0,0,0.0666666666666667,0,0,"#B15928","23",3.41594854651564,1.74167519828501,0.0328331808998464,-0.162401016177811
2019,"Neah Bay",1,"N",5,0,0.0166666666666667,0,0,0.1,0,0.0166666666666667,0.45,0.15,0,0.0166666666666667,2.94887278582931,0.0833333333333333,0.383333333333333,"#1F78B4","24",-1.86842509009782,0.524856415248016,1.27674261557173,-0.0937076849915214
2019,"Neah Bay",1,"S",5,0,0,0,0,0.05,0,0,0.05,0.0166666666666667,0,0,3.54166666666667,0,0.0166666666666667,"#1F78B4","24",-1.26317801036215,0.137910719145389,2.68584222191559,-0.39971210674663
2019,"Neah Bay",1,"N",10,0,0,0.0333333333333333,0,0.05,0,0,0,0.383333333333333,0,0.0166666666666667,0.0166666666666667,2.80555555555556,0,"#1F78B4","24",1.92260830026711,-1.44356051926514,-2.04078067722115,0.636058346880375
2019,"Neah Bay",1,"S",10,0,0,0,0,0.0333333333333333,0,0,0.05,0.65,0,0,4.05043859649123,0,0.0833333333333333,"#1F78B4","24",-1.09898764205418,-1.22914584709789,1.29366662803854,0.242254868055926
2019,"Neah Bay",2,"N",5,0,0,0,0,0.25,0,0.05,1.3,0,0,0.0666666666666667,2.73157683419457,0.183333333333333,0.133333333333333,"#1F78B4","24",-2.64879435133779,1.72069970326218,1.20658891734881,0.266834625727516
2019,"Neah Bay",2,"S",5,0,0,0,0,0.0666666666666667,0,0,2.7,0.0333333333333333,0,0.0666666666666667,4.33333333333333,0.0333333333333333,0.0166666666666667,"#1F78B4","24",-2.81068272917848,1.98930264630763,0.77261382558761,0.726101680718252
2019,"Neah Bay",2,"N",10,0,0,0.0166666666666667,0,0.2,0,0,0.433333333333333,1.02222222222222,0,0.0333333333333333,0.65,1.96428571428571,0,"#1F78B4","24",-1.0813800537238,-0.77322222041976,-1.27082125740463,0.159476063284364
2019,"Neah Bay",2,"S",10,0,0,0,0,0,0,0.05,1.78333333333333,0.2,0,0.0333333333333333,1.95249042145594,0.0166666666666667,0.05,"#1F78B4","24",-2.55891682119203,1.32472715855788,0.12564007220916,0.341013937832175
2019,"Neah Bay",3,"N",5,0,0,0,0,0.0833333333333333,0,0.0666666666666667,2.61666666666667,0,0,0.0666666666666667,1.93941193941194,0.0833333333333333,0.0833333333333333,"#1F78B4","24",-2.88051219654333,2.14498093081597,0.54635645215546,0.454393396434418
2019,"Neah Bay",3,"S",5,0,0,0,0,0.05,0,0,1.35,0.616666666666667,0,0.1,3.29166666666667,0.0833333333333333,0,"#1F78B4","24",-2.35845138595001,0.33048557236965,0.145883731891278,0.7498813702827
2019,"Neah Bay",3,"N",10,0,0,0,0,0.3,0,0,0.1,0.883333333333333,0,0,1.27222222222222,0.616666666666667,0,"#1F78B4","24",-0.856545274923418,-1.42133573172498,0.147975775218549,-0.0583925602455891
2019,"Neah Bay",3,"S",10,0,0,0,0,0,0,0.0333333333333333,0.95,0.316666666666667,0,0,1.95728910728911,0.3,0.266666666666667,"#1F78B4","24",-2.19703888167327,0.598564202493776,0.226864023026056,0.163382898716992
2019,"Neah Bay",4,"S",5,0,0,0,0,0,0,0.116666666666667,4.23611111111111,0.233333333333333,0,0.233333333333333,3.25,0.0833333333333333,0,"#1F78B4","24",-2.75768372676822,1.59373594717499,0.101515771301152,0.845034592861499
2019,"Neah Bay",4,"N",10,0,0,0,0,0.316666666666667,0,0,0.15,0.333333333333333,0,0,0.666666666666667,0.483333333333333,0,"#1F78B4","24",-0.375361668814503,-0.338029170531169,-0.627091791620469,-0.955582667853546
2019,"Tatoosh Island",1,"N",5,0,0,0.0166666666666667,0,0.05,0,0.3,0,13.2761904761905,0,0.233333333333333,1.3712962962963,0.566666666666667,0,"#33A02C","24",-0.43436562231437,-2.23166618414951,0.29470179542144,1.21319739408721
2019,"Tatoosh Island",1,"S",5,0,0.0333333333333333,0.233333333333333,0,0,0,0.0833333333333333,0,0.0666666666666667,0,0.3,0.75,0.25,0,"#33A02C","24",0.172413697368384,0.131238880546702,0.617013556865464,-1.64383923086355
2019,"Tatoosh Island",1,"N",10,0,0.0166666666666667,0.0166666666666667,0,0,0,0.0333333333333333,0,0.25,0,0.0166666666666667,1.33333333333333,0.0333333333333333,0,"#33A02C","24",-0.552526731844044,-0.714248682645965,0.877997947046448,-0.885431943169474
2019,"Tatoosh Island",1,"S",10,0,0,0.0666666666666667,0,0.35,0,0,0,0,0,0,2.114050558495,0,0,"#33A02C","24",-1.03264151841273,0.0473899333870496,2.65556369174823,-0.839627173519518
2019,"Tatoosh Island",2,"N",5,0,0.166666666666667,0,0,0.05,0,0.266666666666667,0,5.2511961722488,0,0.583333333333333,11.6304942463686,1.26078431372549,0,"#33A02C","24",-0.681780296796607,-1.99565587820738,1.03485528498471,1.43710235034462
2019,"Tatoosh Island",2,"S",5,0,0,0.3,0,0,0,0,0,2.18333333333333,0,0.0166666666666667,4,0.0833333333333333,0,"#33A02C","24",-0.897380199849617,-2.04735357218255,1.07087376734829,0.900587181295448
2019,"Tatoosh Island",2,"N",10,0,0.0666666666666667,0.0666666666666667,0,0.0333333333333333,0,0,0,1.21666666666667,0,0.116666666666667,0.383333333333333,0.15,0,"#33A02C","24",0.562741279763846,-2.08025816084476,-1.43808209357405,-0.0833156555997417
2019,"Tatoosh Island",2,"S",10,0,0,1.0375,0.0166666666666667,2.96646185355863,0,0.0166666666666667,0,0.6,0,0,0.0833333333333333,0.166666666666667,0,"#33A02C","24",1.64911038987014,-1.80211188504047,-2.11680552337343,0.302516807654613
2019,"Tatoosh Island",3,"S",10,0,0,0.85,0,0.1,0,0.1,0,1.05,0,0,2.2,0.8,0,"#33A02C","24",-0.870495040262573,-1.75851599278663,0.90132200654157,0.22305043486631
2019,"Cape Alava",1,"E",5,0,0,0,0,0,0,0.0333333333333333,0,0.3,0,0,0.516666666666667,0,0,"#E31A1C","24",0.575810594836018,-0.659043746809071,-0.73301416371736,-1.33054150456022
2019,"Cape Alava",1,"W",5,0,0,0,0,0,0,0.0666666666666667,0,1.66977401129944,0,0,1.1,0,0,"#E31A1C","24",-0.460137555656788,-2.12474145453583,0.0134307624730872,0.241808768132743
2019,"Cape Alava",1,"E",10,0,0,0,0,0,0,0.0333333333333333,0,0.0666666666666667,0,0.0166666666666667,0.183333333333333,0,0,"#E31A1C","24",2.30951042675915,1.02427987902384,-0.962319691007614,-1.47517725860745
2019,"Cape Alava",1,"W",10,0,0.0333333333333333,0,0,0,0,0,0,0.0166666666666667,0,0.166666666666667,0.0333333333333333,0,0.15,"#E31A1C","24",3.66117615999941,1.74366225127694,0.444899410830354,0.656854733526613
2019,"Cape Alava",2,"E",5,0,0,0.0166666666666667,0,0.0333333333333333,0,0.0666666666666667,0,0.883333333333333,0,0,0.8,0,0,"#E31A1C","24",-0.135800386183721,-1.75207067363461,-0.377045903861473,-0.365600187147481
2019,"Cape Alava",2,"W",5,0,0,0,0,0,0,0.0833333333333333,0,0.7,0,0.0333333333333333,1.76538461538462,0,0,"#E31A1C","24",-0.77124033841557,-1.51210378897547,0.77903683818437,-0.152678620821111
2019,"Cape Alava",2,"E",10,0,0,0,0,0,0,0.05,0,0,0,0,0.183333333333333,0,0,"#E31A1C","24",2.38245376394693,1.57864189827026,-0.343127234553729,-1.49731578628344
2019,"Cape Alava",2,"W",10,0,0,0,0,0.0166666666666667,0,0,0,0.0166666666666667,0,0.116666666666667,0.0166666666666667,0,0.233333333333333,"#E31A1C","24",3.71561843750694,1.68963675076741,0.728194392658958,1.20891603611971
2019,"Cape Alava",3,"E",5,0,0,0.05,0,0.0833333333333333,0,0.116666666666667,0.216666666666667,1.2494708994709,0,0,1.06666666666667,0,0,"#E31A1C","24",-1.01008598185795,-1.3863087651798,-0.325053816825753,0.227012047879789
2019,"Cape Alava",3,"W",5,0,0,0,0,0.05,0,0.075,0,0.375,0,0,1.7,0,0,"#E31A1C","24",-0.735444884629679,-1.02932554188265,0.988220055665915,-0.544657671483065
2019,"Cape Alava",3,"E",10,0,0,0,0,0,0,0.133333333333333,0,0.15,0,0.0166666666666667,0.216666666666667,0,0,"#E31A1C","24",1.88692097755415,0.350553877789983,-1.35243822707989,-1.47348775806021
2019,"Cape Alava",3,"W",10,0,0,0,0,0,0,0,0,0,0,0.05,0.0666666666666667,0,0.166666666666667,"#E31A1C","24",3.40684820601943,1.89969112626333,0.305229363559244,-0.0428304737265228
2019,"Cape Alava",4,"E",5,0,0,0,0,0,0,0.166666666666667,0,0.366666666666667,0,0,2.87312595614482,0,0,"#E31A1C","24",-0.957943141301731,-0.967838168211492,1.49374101994748,-0.251039899661628
2019,"Cape Alava",4,"E",10,0,0,0,0,0,0,0.0666666666666667,0,0.4,0,0.0666666666666667,0.416666666666667,0,0,"#E31A1C","24",0.777411906730451,-0.921281766513269,-1.15304758676179,-1.15946065746526
2019,"Cape Johnson",1,"N",5,0,0,0,0,0,0.1,0.1,0.85,0.05,0,0.0166666666666667,0.966666666666667,0.0666666666666667,0,"#6A3D9A","24",-2.00407477024783,1.63529358348939,0.0312305057546196,-0.501694036713582
2019,"Cape Johnson",1,"S",5,0,0,0,0,0,0,0.0833333333333333,10.8333333333333,0,0,0,0,0,0,"#6A3D9A","24",-2.26350271533426,4.09016960570452,-2.33182569996069,1.85762310874446
2019,"Cape Johnson",1,"N",10,0,0.0166666666666667,0,0,0,0,0,0,0,0,0.233333333333333,0.633333333333333,0,0,"#6A3D9A","24",0.354979873953295,0.546268229736129,0.815474138009243,-1.87822681429314
2019,"Cape Johnson",1,"S",10,0,0,0,0,0,0,0.0166666666666667,0,0.0166666666666667,0,0,0,0,0,"#6A3D9A","24",3.6362299463476,1.56405956952272,1.06761413455011,1.85185691908791
2019,"Cape Johnson",2,"N",5,0,0,0,0,0,0,0,0,0,0,0.05,0.3,0,0,"#6A3D9A","24",1.62868557174821,1.22833932343497,-0.178013397998301,-1.91613992552654
2019,"Cape Johnson",2,"S",5,0,0,0,0,0,0,0.383333333333333,6.0515873015873,0,0,0,0.216666666666667,0,0,"#6A3D9A","24",-2.26149763264817,3.76445203604586,-2.26107516545075,0.910158812837629
2019,"Cape Johnson",2,"N",10,0,0,0,0,0,0,0,0,0,0,0.216666666666667,1.45,0,0,"#6A3D9A","24",-0.772863220298264,0.100283626302767,2.21386487331441,-1.16726892775075
2019,"Cape Johnson",2,"S",10,0,0,0,0,0,0,0,0,0.15,0,0,0,0,0,"#6A3D9A","24",2.51352829850591,-0.0304389578365025,-1.29404286963076,0.704500491265043
2019,"Cape Johnson",3,"N",5,0,0,0,0,0,0,0,0.433333333333333,0.2,0,0.1,0.416666666666667,0,0,"#6A3D9A","24",-0.708160034599272,1.09184577171981,-1.48290695520823,-0.910825937108189
2019,"Cape Johnson",3,"S",5,0,0,0,0,0,0,3.90228758169935,1.5625,0.266666666666667,0,0.0166666666666667,1.07471264367816,0,0,"#6A3D9A","24",-2.30777287554491,1.22692818900278,-0.71176128973279,0.102306265455879
2019,"Cape Johnson",3,"N",10,0,0,0,0,0,0,0,0,0.133333333333333,0,0.3,0.933333333333333,0,0,"#6A3D9A","24",-0.139197798959918,-0.241827155509942,0.64239239094718,-1.36284325037467
2019,"Cape Johnson",3,"S",10,0,0,0,0,0,0,0.35,0,0,0,0,0.333333333333333,0,0,"#6A3D9A","24",1.4534269205047,1.13490879355378,-0.0813548470316079,-1.9590107796609
2019,"Cape Johnson",4,"N",5,0,0.0166666666666667,0,0,0,0,0.0333333333333333,2.28333333333333,0.0833333333333333,0,0.0333333333333333,0.283333333333333,0,0,"#6A3D9A","24",-2.0587967730129,3.13938448542225,-2.26092711810002,0.244444365218263
2019,"Cape Johnson",4,"N",10,0,0,0,0,0,0,0,0,0.35,0,0.566666666666667,1.3,0.0333333333333333,0,"#6A3D9A","24",-0.536332036766782,-0.974230199809893,0.655520128627972,-0.751173707809234
2019,"Destruction Island",1,"N",5,0,0,0.1,0,0.0333333333333333,0,0.0166666666666667,0,0.3,0,0,0.783333333333333,0,0,"#B15928","24",0.0266611793604262,-0.775913972783736,-0.078480819265837,-1.15594951342293
2019,"Destruction Island",1,"S",5,0,0,0.0333333333333333,0.0333333333333333,0.666666666666667,0,0.183333333333333,0,1.88333333333333,0,0,0.6,0,0,"#B15928","24",0.0972828570024389,-2.29127667292022,-0.851761028443339,0.225569764183996
2019,"Destruction Island",1,"N",10,0,0,0,0,0,0,0,0,0,0,0,0,0,0,"#B15928","24",3.61474177787465,1.72188570168368,1.57063663361399,2.20057901581105
2019,"Destruction Island",1,"S",10,0,0,0,0,0,0,0,0,0,0,0,0,0,0,"#B15928","24",3.61474177787466,1.72188570168368,1.57063663361399,2.20057901581105
2019,"Destruction Island",2,"N",5,0,0,0,0,0.0833333333333333,0,0.0166666666666667,0,0.0166666666666667,0,0,0.416666666666667,0,0,"#B15928","24",1.13356909175126,0.850054432625422,0.0595328523095085,-1.95447597277526
2019,"Destruction Island",2,"S",5,0,0,0.116666666666667,0,0.0833333333333333,0,0.05,0,5.73106060606061,0,0.133333333333333,0.888235294117647,0,0,"#B15928","24",-0.233133559408026,-2.40494916443068,-0.301961416911612,0.902141958690649
2019,"Destruction Island",2,"N",10,0,0,0,0,0,0,0,0,0.0166666666666667,0,0,0,0,0,"#B15928","24",3.6362299463476,1.56405956952272,1.06761413455011,1.85185691908791
2019,"Destruction Island",2,"S",10,0,0,0,0,0,0,0,0,0.266666666666667,0,0,0,0,0,"#B15928","24",2.05533158882338,-0.949941055682431,-1.84353255888521,0.719208089144587
2019,"Destruction Island",3,"N",5,0,0,0.0333333333333333,0,0.316666666666667,0,0,0,0,0,0,0.25,0,0,"#B15928","24",1.92114341993591,1.37760799370429,-0.294627362747324,-1.80096971621699
2019,"Destruction Island",3,"S",5,0,0.0333333333333333,0,0,0.2,0,0,0,0.333333333333333,0,0,0.85,0,0,"#B15928","24",-0.0866887546352099,-0.884924161786797,0.00355859532254467,-1.04939064240904
2019,"Destruction Island",3,"N",10,0,0,0,0,0,0,0,0,0.0166666666666667,0,0,0.0833333333333333,0,0,"#B15928","24",3.2645674252961,1.70963868104149,-0.118552305073152,-0.464495266315474
2021,"Neah Bay",1,"N",5,0,0,0,0,0,0,0,0.7,0.216666666666667,0,0,4.12912912912913,0,0.0333333333333333,"#1F78B4","25",-2.08689861084786,0.624530008594821,1.02759746425233,0.25635952113876
2021,"Neah Bay",1,"S",5,0,0,0,0,0,0,0.666666666666667,5.12530193236715,0,0,0.566666666666667,2.41533345881172,0,0,"#1F78B4","25",-2.92509456228645,2.27854084550294,0.490464916757207,0.765903979943168
2021,"Neah Bay",1,"N",10,0,0,0.0666666666666667,0,0,0,0,1.86666666666667,5.23333333333333,0,0.116666666666667,1.29722222222222,0.997619047619048,0,"#1F78B4","25",-2.0669544187252,-0.44876824363633,-1.01693677374252,1.60841539486469
2021,"Neah Bay",1,"S",10,0,0,0,0,0.0666666666666667,0,0.1,0,0.8,0,0,0.933333333333333,0,2.08325508607199,"#1F78B4","25",-0.287455569453227,-1.65969281699596,-0.130519054519312,-0.384155247587289
2021,"Neah Bay",2,"N",5,0,0,0.05,0,0.266666666666667,0,0,0.0666666666666667,0.166666666666667,0,0,4.99794745484401,0,0.0666666666666667,"#1F78B4","25",-1.20036894112825,-0.254154655481316,2.02857073663752,-0.124687846312519
2021,"Neah Bay",2,"S",5,0,0,0,0,0,0.0333333333333333,0.483333333333333,3.65135135135135,0,0,0.433333333333333,0.866666666666667,0,0.0166666666666667,"#1F78B4","25",-2.68425344115683,2.65430772629502,-0.698623346526882,0.315879170564639
2021,"Neah Bay",2,"N",10,0,0,0.133333333333333,0,0.0333333333333333,0,0,3.5,5.58333333333333,0,0.0666666666666667,1.025,0.566666666666667,0,"#1F78B4","25",-2.14209789630401,-0.0950793220401067,-1.53579219284737,1.77184557692222
2021,"Neah Bay",2,"S",10,0,0,0,0,0,0,0.15,0.0333333333333333,0.6,0,0,1.6,0,0.916666666666667,"#1F78B4","25",-0.803614440069851,-1.30244764863335,0.658855787266862,-0.267540355913323
2021,"Neah Bay",3,"N",5,0,0,0.05,0,0.25,0,0,2.61666666666667,0.25,0,0.0833333333333333,3.01835845314106,0,0.0666666666666667,"#1F78B4","25",-2.69598913859281,1.38318929409564,0.174716391888031,0.682325014129688
2021,"Neah Bay",3,"S",5,0,0,0,0,0,0,0.283333333333333,3.33111545527345,0,0,0.35,1.94189435336976,0.0833333333333333,0.05,"#1F78B4","25",-2.9154755570927,2.22738658699967,0.442959388207746,0.554913843610123
2021,"Neah Bay",3,"N",10,0,0.05,0.0833333333333333,0,0.0166666666666667,0.0166666666666667,0,0.25,1.04761904761905,0,0.0833333333333333,2.79761904761905,0.8,0,"#1F78B4","25",-1.44669507791638,-1.15036369478759,0.683717321102197,0.511162753947117
2021,"Neah Bay",3,"S",10,0,0,0,0,0,0,0.0166666666666667,0.0166666666666667,0.283333333333333,0,0,1.35,0,0.75,"#1F78B4","25",-0.618701097055832,-0.752089664513129,0.794168765621751,-0.801162381997441
2021,"Neah Bay",4,"N",5,0,0,0.0166666666666667,0,0.0833333333333333,0,0,1.48333333333333,0.316666666666667,0,0.116666666666667,3.51835664335664,0,0.116666666666667,"#1F78B4","25",-2.46165457365163,0.898220020569601,0.388447031096383,0.562362980402658
2021,"Tatoosh Island",1,"N",5,0,0.0333333333333333,0.0333333333333333,0,0,0,0.25,0,1.52916666666667,0,0.883333333333333,0.35,0,0,"#33A02C","25",0.598371166819878,-2.26803330814721,-1.53453400769294,0.176619167441145
2021,"Tatoosh Island",1,"S",5,0,0,0.733333333333333,0,0.0666666666666667,0,0.233333333333333,0,0.733333333333333,0,0.183333333333333,0.0166666666666667,0,0,"#33A02C","25",1.51896058298703,-2.47707908798313,-2.22266830127787,1.18665840854512
2021,"Tatoosh Island",1,"N",10,0,0,0.45,0,0.375,0,0,0,3.825,0,2.5,0,0,0.025,"#33A02C","25",1.03429361293717,-3.37754536850194,-1.91289572829979,2.38075410176176
2021,"Tatoosh Island",1,"S",10,0,0,0.1,0,0,0,0,0,0.4,0,0,0,0,0,"#33A02C","25",1.78814140022899,-1.67369639351983,-2.08886136615947,0.894236058817603
2021,"Tatoosh Island",2,"N",5,0,0,0.216666666666667,0,0,0,0.333333333333333,0,2.17037037037037,0,0.6,0.666666666666667,0,0,"#33A02C","25",-0.00786749361942576,-2.33039464598523,-0.705043304988584,0.33166747320344
2021,"Tatoosh Island",2,"S",5,0,0,0.1,0,0,0,0.05,0,0.0333333333333333,0,0.05,3.15277777777778,0,0,"#33A02C","25",-1.09481370141086,-0.0528128595005077,2.67666388140775,-0.529828841208055
2021,"Tatoosh Island",2,"N",10,0,0,0.0166666666666667,0,0.133333333333333,0,0,0,0.15,0,0.0666666666666667,1.19513108614232,0.4,0.0333333333333333,"#33A02C","25",-0.431634818740969,-0.374258819516928,0.994034643260828,-1.13916708325805
2021,"Tatoosh Island",2,"S",10,0,0,0.283333333333333,0,0,0,0.0333333333333333,0,0.857407407407407,0,0.0166666666666667,3.70175438596491,0,0,"#33A02C","25",-0.96842332492809,-1.5696870596631,1.25484243781857,0.326361392291106
2021,"Tatoosh Island",3,"N",5,0,0.05,0,0,0.0333333333333333,0,0.166666666666667,0,0.216666666666667,0,0.516666666666667,0.316666666666667,0,0,"#33A02C","25",1.30390831285892,-0.142732047656743,-1.22913664281768,-1.51638384199417
2021,"Tatoosh Island",3,"S",5,0,0,0.55,0,0,0,0,0,0.25,0,0.0166666666666667,2.564689709348,0,0,"#33A02C","25",-0.94132197458905,-0.702860816037591,1.63981296854819,-0.456404663050087
2021,"Tatoosh Island",3,"N",10,0,0,0.687634408602151,0.15,0,0,0.0666666666666667,0,3.08139534883721,0,0.0166666666666667,3.33291139240506,1.21458333333333,0.0333333333333333,"#33A02C","25",-0.862683349188302,-2.1470231355248,0.992693919516348,1.00809362512551
2021,"Tatoosh Island",3,"S",10,0,0,0.0833333333333333,0,0.15,0,0,0,0.316666666666667,0,0.0166666666666667,0.65,0.166666666666667,0,"#33A02C","25",0.263607478874951,-0.783787592329068,-0.400171593794329,-1.22025724185107
2021,"Tatoosh Island",4,"S",10,0,0,0.575,0,0.325,0,0.05,0,0.375,0,0,2.125,0.4,0,"#33A02C","25",-0.857337241768573,-1.01168317588731,1.2381773575644,-0.41131550136365
2021,"Cape Alava",1,"E",5,0,0,0,0,0.3,0.15,1.00952380952381,0,0.616666666666667,0,0,8.91666666666667,0,0,"#E31A1C","25",-0.9338170067695,-1.21475297760229,1.55821092836812,0.44797807235312
2021,"Cape Alava",1,"W",5,0,0,0,0,0,0,0.2,0.233333333333333,0.1,0,0.0666666666666667,1.15,0.0166666666666667,0,"#E31A1C","25",-1.15323657549135,0.474775328483455,0.712581247310678,-0.925722526302966
2021,"Cape Alava",1,"E",10,0,0,0,0,0,0,0.025,0,0,0,0.025,0,0,0,"#E31A1C","25",3.61474177787465,1.72188570168368,1.57063663361399,2.20057901581105
2021,"Cape Alava",1,"W",10,0,0,0,0,0.0333333333333333,0,0.0166666666666667,0,0.116666666666667,0,0,0.316666666666667,0,0,"#E31A1C","25",1.48023645789853,0.418106491228349,-0.913890096925096,-1.74075426414483
2021,"Cape Alava",2,"E",5,0,0,0.375,0,0.15,3.21818181818182,0.65,0,4.075,0,0.05,1.775,0,0,"#E31A1C","25",-0.692948968464157,-2.27898124562457,0.565523590848413,0.923368423989152
2021,"Cape Alava",2,"W",5,0,0,0,0,0,0,0.233333333333333,0,0.1,0,0.233333333333333,1.35909090909091,0,0,"#E31A1C","25",-0.576545224860892,-0.221621228264018,1.43282957704558,-1.11384772715901
2021,"Cape Alava",2,"E",10,0,0,0,0,0,0,0.25,0,0.866666666666667,0,0,0.4,0,0,"#E31A1C","25",0.599352935749881,-1.77324065029846,-1.36571612977524,-0.436506082615241
2021,"Cape Alava",2,"W",10,0,0,0,0,0,0,0.05,0,0,0,0,0.15,0,0,"#E31A1C","25",2.64237053543014,1.683098495346,-0.28493727657113,-1.24245764471993
2021,"Cape Alava",3,"W",5,0,0,0,0,0,0,0.15,0,0.0166666666666667,0,0.0333333333333333,1.03333333333333,0,0,"#E31A1C","25",-0.339701434109509,0.182994260957916,1.5477456419292,-1.46792869804649
2021,"Cape Alava",3,"E",10,0,0,0,0,0,0,0.0333333333333333,0,1.11666666666667,0,0,0.583333333333333,0,0,"#E31A1C","25",0.170959170476434,-1.96511391988999,-0.868925253224549,-0.226141373058954
2021,"Cape Alava",3,"W",10,0,0,0,0,0,0,0.05,0,0,0,0,0,0,0,"#E31A1C","25",3.61474177787466,1.72188570168368,1.57063663361399,2.20057901581105
2021,"Cape Alava",4,"W",10,0,0,0,0,0.025,0,0.075,0,0.075,0,0,0,0,0,"#E31A1C","25",3.01305551203719,0.774599243692178,-0.44561551661931,1.03807076861766
2021,"Cape Johnson",1,"N",5,0,0,0,0,0,0,0.116666666666667,2.8,0,0,0,0.15,0,0,"#6A3D9A","25",-2.24079811362321,3.98048689320503,-2.32799602856525,0.876609869858916
2021,"Cape Johnson",1,"S",5,0,0,0,0,0,0,0,5.95833333333333,0,0,0,0.366666666666667,0,0,"#6A3D9A","25",-2.34482151399698,3.43856049599509,-1.9150953295987,0.612664455059046
2021,"Cape Johnson",1,"N",10,0,0,0,0,0,0,0,0,0,0,0,0.216666666666667,0,0,"#6A3D9A","25",2.14034986964469,1.47940793844031,-0.346220212772571,-1.6762694637253
2021,"Cape Johnson",2,"N",5,0,0,0,0,0,0,0.05,0,0,0,0.0333333333333333,0.366666666666667,0,0,"#6A3D9A","25",1.29012482162447,1.0492934501807,0.015458012091733,-1.98378080395646
2021,"Cape Johnson",2,"S",5,0,0,0,0,0,0,0,4.11463844797178,0,0,0,0,0,0,"#6A3D9A","25",-2.54540181953445,4.37459289665602,-2.44126715316904,1.87531059720161
2021,"Cape Johnson",2,"N",10,0,0,0,0,0,0,0,0,0,0,0,0.35,0,0,"#6A3D9A","25",1.37046980435715,1.090256929628,-0.0337502090350884,-1.97280203060297
2021,"Cape Johnson",3,"N",5,0,0,0,0,0,0,0,0,0,0,0,0.0666666666666667,0,0,"#6A3D9A","25",3.40684820601943,1.89969112626333,0.305229363559243,-0.0428304737265232
2021,"Cape Johnson",3,"S",5,0,0,0,0,0,0,0.133333333333333,3.34230769230769,0,0,0,0.433333333333333,0,0,"#6A3D9A","25",-2.40328348831319,3.28800604428868,-1.68721128433465,0.297659422331481
2021,"Cape Johnson",3,"N",10,0,0,0,0,0,0,0,1.63333333333333,0,0,0.183333333333333,0.2,0,0,"#6A3D9A","25",-1.95922486024666,3.70534160792514,-2.08501513854584,0.303752204238506
2021,"Cape Johnson",3,"S",10,0,0,0,0,0,0,0.2,0,0.333333333333333,0,0,0.2,0,0,"#6A3D9A","25",1.58378181373377,-0.639048139508121,-1.78208117408396,-0.989459331481587
2021,"Cape Johnson",4,"S",5,0,0,0,0,0,0,0.15,0.583333333333333,0,0,0,0.483333333333333,0,0,"#6A3D9A","25",-1.28446988300368,2.24624521143832,-0.66171495269856,-0.99475102063941
2021,"Cape Johnson",4,"N",10,0,0,0,0,0,0,0,0,0,0,0.2,0.625,0,0,"#6A3D9A","25",0.377447477489712,0.557471508827091,0.793577281084269,-1.88584280784558
2021,"Destruction Island",1,"N",5,0,0,0,0,0.333333333333333,0.216666666666667,0.0833333333333333,0,0.0166666666666667,0,0,0.7,0,0,"#B15928","25",0.251293496126772,0.404762908485713,0.870755608121106,-1.77608594651065
2021,"Destruction Island",1,"S",5,0,0.05,0,0.0833333333333333,0,0.0666666666666667,0.0333333333333333,0,0.2,0,0.0666666666666667,2.11666666666667,0,0,"#B15928","25",-0.868552515242205,-0.575290034235206,1.60532988558503,-0.644149887131388
2021,"Destruction Island",1,"N",10,0,0,0,0,0,0,0,0,0,0,0.0333333333333333,0,0.333333333333333,0,"#B15928","25",3.61474177787466,1.72188570168368,1.57063663361399,2.20057901581105
2021,"Destruction Island",2,"N",5,0,0,0,0,0.375,0,0.275,0,0.1,0,0,0.125,0,0,"#B15928","25",2.56139455651642,0.816069089262381,-1.20210646839886,-1.05705753070152
2021,"Destruction Island",2,"S",5,0,0.0166666666666667,0,0,0.0833333333333333,0,0.116666666666667,0,0.6,0,0.0166666666666667,2.10833333333333,0,0,"#B15928","25",-0.854652860242475,-1.3753713282381,1.02015755961701,-0.157882876345502
2021,"Destruction Island",2,"N",10,0,0,0,0,0,0,0,0,0.2,0,0,0.116666666666667,0.216666666666667,0,"#B15928","25",2.23941056994356,0.0225790853062546,-1.64890758298141,-0.820201715683468
2021,"Destruction Island",3,"S",5,0,0.175,0.075,0,0,0.05,0.7,0,1.81153846153846,0,0,2.37115384615385,0.05,0,"#B15928","25",-0.862360009465134,-2.04443173011186,0.864315375187833,0.606360017349401
2021,"Destruction Island",3,"N",10,0,0,0,0,0,0,0.1,0,0,0,0,0,0,0,"#B15928","25",3.61474177787466,1.72188570168368,1.57063663361399,2.20057901581105
