"year","site","transect","area","zone","AUFL","BAIT","CHNU","COTT","EMBI","GOBI","HEXA","OPEL","PHOL","RIMU","RYOY","SCMA","SEBYTyoy","SECA","SECAyoy","SEFL","SEMA","SEMAyoy","SEME","SEMY","SEMYyoy","SENE","SENEyoy","SEPI","SEPIyoy","TOTyoy","UNID","SEBYT","col","pch","LD1","LD2","LD3","LD4","LD5","LD6","LD7","LD8","LD9"
2016,"Destruction Island",1,"N",10,0,0,0,0,0,0,1,0,0,0,0,0,99,0,0,0,0,0,0,0,0,0,0,0,0,99,0,0,"#B15928","21",5.60115921610149,0.414906451751608,0.412863746520769,0.155542037739288,-0.0883372628114185,-0.268399582544173,-0.0252948375887491,0.262469805835023,0.45909168062671
2016,"Destruction Island",2,"N",10,0,0,0,0,0,0,3,0,0,0,0,0,54,0,0,0,0,0,0,0,0,0,0,0,0,54,0,0,"#B15928","21",3.485435405674,-1.02684584145032,1.00556737302165,-0.124622486555776,-0.607218243765846,-0.595674763270672,0.784036032753396,-0.0522631893410706,0.429168257839982
2016,"Destruction Island",3,"N",10,0,0,0,0,0,0,1,0,0,0,0,0,72,0,0,0,0,0,0,0,0,0,0,0,0,72,0,0,"#B15928","21",4.49772426793849,-0.378559315295908,0.693160213263346,-0.0382256974269,-0.393303646840494,-0.477964689624124,0.42667205346577,0.0778414823354444,0.510208055928373
2017,"Destruction Island",1,"N",5,0,0,0,0,13,0,1,0,0,0,0,0,1,0,0,0,0,0,5,0,0,0,0,0,0,1,0,0,"#B15928","22",-0.133625682620398,-0.299027762154203,-0.191473824376407,0.887718386545094,-0.376466254045524,0.497016659258687,-1.464600434704,-1.25982868306,-0.243228607365628
2017,"Destruction Island",4,"N",5,0,0,0,0,2,0,1,1,0,0,1,0,0,0,0,0,0,0,0,0,0,0,0,0,0,1,0,0,"#B15928","22",-1.12103801979297,1.15865723835954,0.708335864806305,1.13437135403334,-2.14249388160454,2.43475674819814,2.18007419394609,0.259920612806208,-0.102304618504328
2017,"Destruction Island",1,"S",5,0,0,0,0,1,0,0,0,0,0,2,0,0,0,0,0,0,0,0,0,0,0,0,0,0,2,0,0,"#B15928","22",-1.01123732562222,0.954346327872872,-0.201787374641291,0.81148942749095,-1.9604401126505,2.79465357966116,1.9283870167149,0.9599219418808,0.321894471136665
2017,"Destruction Island",2,"S",5,0,0,0,0,4,0,1,0,0,0,0,0,0,0,0,0,0,0,1,0,0,0,0,0,0,0,0,0,"#B15928","22",-0.61581454872005,0.788670462388637,-0.0905134066455807,-0.0563926540991345,-0.244315396628443,-0.523958489384794,-0.00897067854115283,0.151767622786104,-0.171284811134795
2019,"Destruction Island",1,"N",5,0,0,0,0,2,0,6,1,0,0,0,2,15,3,25,0,0,0,25,0,10,0,0,0,0,50,0,0,"#B15928","24",-0.597007189208082,-3.46838209084058,-0.409063326854499,1.65751643254309,4.18987353694291,0.718297641205978,3.82281364474771,1.16146845147323,-5.58922514877362
2019,"Destruction Island",2,"N",5,0,0,0,0,0,0,14,3,0,0,0,1,4,0,5,0,0,0,20,0,0,0,0,0,0,9,0,0,"#B15928","24",-0.787635839889108,-1.58928017328482,-0.489099366387904,2.49508010130551,3.6385036346891,0.769534102270424,-0.846856544920206,-0.623386273799377,1.43025525027361
2019,"Destruction Island",3,"N",5,0,0,0,0,6,0,9,1,0,0,0,3,1,0,2,0,0,0,55,0,0,0,0,0,0,3,0,0,"#B15928","24",0.0882627403254853,-0.314358621196558,-2.60505881726968,2.27753279310827,1.78267364586259,1.55533145272396,-0.475609354864045,-4.97394132480443,2.3265355329026
2019,"Destruction Island",4,"N",5,0,0,0,0,2,0,8,0,0,0,0,0,0,0,0,0,0,0,32,0,0,0,0,0,0,0,0,0,"#B15928","24",-0.615814548720045,0.788670462388642,-0.0905134066455898,-0.0563926540991414,-0.244315396628452,-0.523958489384775,-0.00897067854114546,0.151767622786051,-0.171284811134788
2019,"Destruction Island",1,"N",10,0,0,0,0,0,0,4,1,0,0,0,1,1,0,0,0,0,0,10,0,0,1,0,0,0,1,0,0,"#B15928","24",-0.133625682620271,-0.299027762154066,-0.191473824376336,0.887718386545231,-0.376466254045516,0.497016659258706,-1.46460043470415,-1.25982868305996,-0.243228607365609
2019,"Destruction Island",2,"N",10,0,0,0,0,0,0,1,0,0,0,4,0,1,0,0,0,0,0,1,0,0,0,0,0,0,5,0,0,"#B15928","24",0.530968412888209,0.469168654134153,-2.11860576809942,1.94695339697538,-1.4662641959461,5.12450949313796,-1.00175459104747,-1.66926783995612,0.658482865442888
2019,"Destruction Island",3,"N",10,0,0,0,0,1,0,1,0,0,0,0,0,0,0,0,0,0,0,1,0,0,0,0,0,0,0,0,0,"#B15928","24",-0.61581454872004,0.788670462388645,-0.0905134066455938,-0.0563926540991372,-0.244315396628451,-0.523958489384768,-0.00897067854114547,0.151767622786043,-0.171284811134797
2019,"Destruction Island",4,"N",10,0,0,0,0,0,0,1,0,0,0,0,0,0,0,0,0,0,0,0,0,0,0,0,0,0,0,0,0,"#B15928","24",-0.615814548720041,0.788670462388641,-0.0905134066456003,-0.0563926540991426,-0.24431539662845,-0.523958489384773,-0.00897067854114858,0.151767622786048,-0.171284811134793
2019,"Destruction Island",1,"S",5,0,0,0,0,9,0,0,0,0,0,0,0,1,0,0,0,0,0,11,0,0,0,0,0,0,1,0,0,"#B15928","24",-0.13362568262026,-0.299027762154071,-0.191473824376375,0.887718386545222,-0.376466254045521,0.497016659258715,-1.46460043470414,-1.25982868306,-0.243228607365618
2019,"Destruction Island",2,"S",5,0,0,0,0,5,0,0,0,0,0,0,0,0,0,0,0,0,0,7,0,0,0,0,0,0,0,0,0,"#B15928","24",-0.615814548720042,0.788670462388642,-0.0905134066455976,-0.0563926540991409,-0.244315396628451,-0.523958489384771,-0.00897067854114676,0.151767622786046,-0.171284811134794
2019,"Destruction Island",3,"S",5,2,0,0,0,2,0,1,0,0,0,0,0,0,0,0,0,0,0,25,0,0,0,0,0,0,0,0,0,"#B15928","24",-0.615814548720042,0.78867046238864,-0.0905134066455997,-0.0563926540991434,-0.244315396628452,-0.523958489384773,-0.00897067854114521,0.151767622786045,-0.171284811134793
2019,"Destruction Island",4,"S",5,0,0,0,0,1,0,2,0,0,0,0,0,0,0,0,0,0,0,25,0,0,0,0,0,0,0,0,15,"#B15928","24",-0.615814548720043,0.78867046238864,-0.0905134066455994,-0.0563926540991432,-0.244315396628452,-0.523958489384772,-0.00897067854114505,0.151767622786045,-0.171284811134793
2019,"Destruction Island",1,"S",10,0,0,0,0,0,0,1,0,0,0,0,0,0,0,0,0,0,0,17,0,0,0,0,0,0,0,0,0,"#B15928","24",-0.615814548720043,0.78867046238864,-0.0905134066455992,-0.0563926540991431,-0.244315396628452,-0.523958489384772,-0.00897067854114517,0.151767622786046,-0.171284811134793
2019,"Destruction Island",2,"S",10,0,0,0,0,0,0,0,2,0,0,0,0,0,0,0,0,0,0,3,0,0,0,0,0,0,0,0,0,"#B15928","24",-0.615814548720042,0.78867046238864,-0.0905134066455998,-0.0563926540991433,-0.244315396628452,-0.523958489384772,-0.00897067854114515,0.151767622786045,-0.171284811134793
2019,"Destruction Island",3,"S",10,0,0,0,0,0,0,1,0,0,0,0,0,2,0,0,0,0,0,11,0,0,0,0,0,0,2,0,0,"#B15928","24",-0.33427685718088,-1.08722883972007,-0.149358675867926,0.597730945525897,-0.203528146189365,0.253297076437112,-1.47589753131028,-0.705882634714539,-0.179515871429221
2019,"Destruction Island",4,"S",10,2,0,0,0,0,0,7,0,0,0,0,2,25,0,0,0,0,0,25,0,0,0,0,0,0,25,0,0,"#B15928","24",1.1339699780142,-2.21470613071986,1.69104592372838,-0.0626190676411512,-0.714319020511029,-0.672043929775431,1.02869836480026,0.0695014084679404,0.0228131058647758
2021,"Destruction Island",1,"N",5,10,0,0,0,3,0,8,0,0,0,70,0,5,0,0,0,0,0,0,0,0,0,0,0,0,75,0,0,"#B15928","25",0.105606829661551,-2.94143033749341,-4.90372596821576,-2.10630940683237,1.78419523853901,1.18223193144471,-2.77940927006672,6.26524982504259,2.32723414723203
2021,"Destruction Island",2,"N",5,0,0,0,0,7,0,5,0,0,0,0,0,4,0,2,0,0,0,2,0,0,0,0,0,0,6,0,0,"#B15928","25",-1.300443472751,-2.86177077904234,-2.10758020567973,0.638240065116213,1.99030696820137,-0.28960345131224,-0.0786791551197106,-2.0704179688193,2.92314805440467
2021,"Destruction Island",3,"N",5,0,0,0,0,5,0,14,0,0,0,0,0,0,0,0,0,0,0,5,0,16,0,0,0,0,16,0,0,"#B15928","25",-0.139035708624521,-3.8019947108097,-8.21399695257301,-3.13858065727513,1.63262081723713,0.3539097163617,4.01282188177618,-1.06679400296264,-8.39008234679213
2021,"Destruction Island",4,"N",5,0,0,0,0,3,0,4,0,0,0,0,0,0,0,0,0,0,0,19,0,0,0,0,0,0,0,0,0,"#B15928","25",-0.615814548720043,0.78867046238864,-0.0905134066456008,-0.0563926540991431,-0.24431539662845,-0.523958489384773,-0.00897067854114789,0.15176762278605,-0.171284811134791
2021,"Destruction Island",1,"N",10,0,0,0,0,0,1,3,0,0,0,1,0,25,0,0,1,0,0,2,0,0,0,0,0,0,26,0,0,"#B15928","25",0.308968879583812,-1.82346138408456,2.9310303561088,1.08390743013407,-2.59127081245552,1.94359672919741,3.38079850727988,-0.86270569316904,-0.0412309855007998
2021,"Destruction Island",2,"N",10,0,0,0,0,1,0,5,2,0,0,0,0,11,0,0,0,0,0,14,0,0,0,0,0,0,11,0,0,"#B15928","25",-0.250280134098033,-2.52194965875309,1.45095930715474,0.132652309875067,-0.220519747940443,-0.573056193927589,0.00830288521452766,0.728815070216361,-0.227446822331758
2021,"Destruction Island",3,"N",10,0,0,0,0,5,0,8,0,0,0,0,0,4,0,0,0,0,0,0,0,0,0,0,0,0,4,0,0,"#B15928","25",-0.524681184456934,-1.91140523640788,0.163940855795181,0.213846415964337,0.0473971501810066,-0.21885349541307,-1.36453053491248,0.310041595404635,0.0503105528750886
2021,"Destruction Island",1,"S",5,0,0,0,0,2,0,1,0,0,0,0,0,20,0,0,0,0,0,0,0,0,0,0,0,0,20,0,0,"#B15928","25",0.629607120328849,-2.38963138502188,1.74901736758899,0.0164940074272339,-0.600130646057062,-0.652937253450795,0.864487353828243,0.243269318882247,-0.121135336013032
2021,"Destruction Island",2,"S",5,0,0,0,0,3,0,5,0,0,0,20,0,80,0,1,0,0,0,0,0,0,0,0,0,0,101,0,0,"#B15928","25",4.68076217577868,-0.691231211901377,-3.88536101710422,-1.14981480479014,-0.0505147306650015,0.418685527715282,0.90099202466019,1.02411459401306,4.30708816920329
2021,"Destruction Island",4,"S",5,0,0,0,0,1,0,2,0,0,0,0,0,2,0,0,0,0,0,2,0,1,0,0,0,0,3,0,0,"#B15928","25",0.119248330113871,-2.91082149459965,-4.63291026581037,-0.594707861977603,0.282908314215141,1.10730146222138,-0.269688631668379,-2.76565046215649,-3.65628470403717
2016,"Cape Johnson",1,"S",5,0,0,0,0,1,0,1,0,0,0,0,0,42,0,0,0,0,0,3,0,1,0,0,0,0,43,0,0,"#6A3D9A","21",2.25467608069605,-3.07982098399172,-1.13586991750812,-1.3259594201586,-0.81326583552905,-0.729990915948437,2.65905992985577,-1.11312920559674,-1.78683566775208
2016,"Cape Johnson",2,"S",5,0,0,0,0,1,0,2,0,0,0,0,0,21,0,0,0,0,0,2,0,0,0,0,0,0,21,0,0,"#6A3D9A","21",0.734932464435447,-2.35625788174776,1.73969231479616,-0.00195134618336162,-0.627810122573566,-0.658633808403294,0.904381761392613,0.203602562228006,-0.0889912837466448
2016,"Cape Johnson",3,"S",5,0,0,0,0,1,0,0,0,0,0,0,0,0,0,0,0,0,0,0,0,0,0,0,0,0,0,0,0,"#6A3D9A","21",-0.615814548720044,0.78867046238864,-0.0905134066455942,-0.0563926540991408,-0.244315396628449,-0.523958489384773,-0.00897067854114777,0.151767622786053,-0.171284811134797
2016,"Cape Johnson",4,"S",5,0,0,0,0,0,0,2,0,0,0,0,0,5,0,0,0,0,0,0,0,0,0,0,0,0,5,0,0,"#6A3D9A","21",-0.556014275344595,-2.15715593776354,0.334996606192034,0.0943964931371203,0.107372023654542,-0.387012331036412,-1.25728968434955,0.707430586678154,0.0697953377099521
2016,"Cape Johnson",1,"S",10,0,0,0,0,0,0,0,0,0,0,0,0,6,0,0,0,0,0,0,0,0,0,0,0,0,6,0,0,"#6A3D9A","21",-0.553805986745906,-2.30602215592926,0.568580652019715,0.0618228388359788,0.0944460235152274,-0.476052756421607,-1.05784882174716,0.883639627027811,0.0328029645991636
2016,"Cape Johnson",2,"S",10,0,0,0,0,0,0,1,0,0,0,0,0,9,0,0,0,0,0,0,0,0,0,0,0,0,9,0,0,"#6A3D9A","21",-0.378179532610041,-2.41709300412964,1.29293122481963,0.20027906422607,-0.0554677365862723,-0.514515013140285,-0.395889620334635,0.888335844590087,-0.208455591239484
2016,"Cape Johnson",3,"S",10,0,0,0,0,0,0,1,0,0,0,0,0,10,0,0,0,0,0,11,0,0,0,0,0,0,10,0,0,"#6A3D9A","21",-0.316429311820002,-2.47654583760128,1.37838277253797,0.164338798322576,-0.143826239104229,-0.546250280956837,-0.18231646094749,0.803631393424143,-0.217842496392483
2016,"Cape Johnson",4,"S",10,0,0,0,0,0,0,1,0,0,0,0,0,3,0,0,0,0,0,0,0,0,0,0,0,0,3,0,0,"#6A3D9A","21",-0.445455193988159,-1.55996698756565,0.00763735282057755,0.373628523673121,-0.0359498799963706,0.00297930534332236,-1.46481710415066,-0.131098982991496,-0.0524559696855997
2016,"Cape Johnson",5,"S",10,0,0,0,0,0,0,1,0,0,0,0,0,25,0,0,0,0,0,0,0,0,0,0,0,0,25,0,0,"#6A3D9A","21",1.1339699780142,-2.21470613071984,1.6910459237284,-0.06261906764114,-0.714319020511028,-0.672043929775427,1.02869836480025,0.0695014084679453,0.0228131058647767
2016,"Cape Johnson",6,"S",10,0,0,0,1,0,0,0,0,0,0,0,0,6,0,0,0,0,0,0,0,0,0,0,0,0,6,0,0,"#6A3D9A","21",-0.553805986745908,-2.30602215592926,0.568580652019717,0.0618228388359786,0.0944460235152272,-0.476052756421609,-1.05784882174716,0.883639627027812,0.0328029645991649
2017,"Cape Johnson",1,"N",5,0,0,0,0,0,0,1,0,0,0,0,1,0,0,0,0,0,0,2,0,0,0,0,0,0,0,0,0,"#6A3D9A","22",-0.615814548720044,0.788670462388641,-0.0905134066455934,-0.056392654099141,-0.244315396628449,-0.523958489384773,-0.00897067854114749,0.151767622786053,-0.171284811134795
2017,"Cape Johnson",2,"N",5,0,0,0,0,0,0,0,0,0,0,0,0,0,0,0,0,0,0,0,0,0,0,0,0,0,0,0,0,"#6A3D9A","22",-0.615814548720045,0.788670462388641,-0.090513406645593,-0.0563926540991407,-0.244315396628449,-0.523958489384773,-0.00897067854114754,0.151767622786054,-0.171284811134796
2017,"Cape Johnson",3,"N",5,0,0,0,0,1,0,0,0,0,0,1,0,1,0,0,0,0,0,0,0,0,0,0,0,0,2,0,0,"#6A3D9A","22",-0.0475738922521211,0.65771469693341,0.166529809643892,2.63501139881894,-2.07793906930268,4.51268025239975,0.0652705397334211,-2.95510495035478,-0.269129271179298
2017,"Cape Johnson",4,"N",5,0,0,0,0,4,0,0,0,0,0,0,0,0,0,0,0,0,0,6,0,0,0,0,0,0,0,0,0,"#6A3D9A","22",-0.615814548720045,0.78867046238864,-0.0905134066455931,-0.0563926540991409,-0.24431539662845,-0.523958489384773,-0.00897067854114629,0.151767622786052,-0.171284811134796
2017,"Cape Johnson",5,"N",5,0,0,0,0,1,0,0,0,0,0,1,0,0,0,0,0,0,0,0,0,0,0,0,0,0,1,0,0,"#6A3D9A","22",-1.12103801979292,1.15865723835959,0.708335864806267,1.13437135403338,-2.14249388160449,2.43475674819815,2.180074193946,0.25992061280623,-0.102304618504247
2017,"Cape Johnson",1,"S",10,0,0,0,0,0,0,1,0,0,0,0,0,0,0,0,0,0,0,0,0,0,0,0,0,0,0,0,0,"#6A3D9A","22",-0.615814548720044,0.78867046238864,-0.0905134066455955,-0.0563926540991422,-0.244315396628448,-0.523958489384775,-0.00897067854114928,0.151767622786055,-0.171284811134795
2017,"Cape Johnson",2,"S",10,0,0,0,0,0,0,0,0,0,0,0,0,0,0,0,0,0,0,1,0,0,0,0,0,0,0,0,0,"#6A3D9A","22",-0.615814548720045,0.78867046238864,-0.0905134066455949,-0.056392654099142,-0.244315396628448,-0.523958489384774,-0.00897067854114919,0.151767622786055,-0.171284811134796
2017,"Cape Johnson",3,"S",10,0,0,0,0,0,0,0,0,0,0,0,0,0,0,0,0,0,0,0,0,0,0,0,0,0,0,0,0,"#6A3D9A","22",-0.615814548720045,0.78867046238864,-0.0905134066455957,-0.0563926540991421,-0.244315396628448,-0.523958489384774,-0.00897067854114874,0.151767622786054,-0.171284811134795
2017,"Cape Johnson",4,"S",10,0,0,0,0,0,0,0,0,0,0,0,0,0,0,0,0,0,0,0,0,0,0,0,0,0,0,0,0,"#6A3D9A","22",-0.615814548720044,0.78867046238864,-0.0905134066455954,-0.0563926540991421,-0.244315396628448,-0.523958489384774,-0.00897067854114861,0.151767622786054,-0.171284811134795
2018,"Cape Johnson",1,"N",5,0,0,0,0,4,0,3,1,0,0,0,0,1,0,0,0,0,0,0,0,0,0,0,0,1,2,0,0,"#6A3D9A","23",0.320473440603977,0.800715176944337,0.766363438554969,-1.10623978044884,1.09871385115396,3.36454930244771,-2.21928385703567,-3.55055254217773,-0.0490698326967947
2018,"Cape Johnson",2,"N",5,0,0,0,0,3,0,2,0,0,0,0,0,0,0,0,0,0,0,1,0,0,0,0,0,0,0,0,0,"#6A3D9A","23",-0.615814548720045,0.788670462388638,-0.0905134066455976,-0.0563926540991437,-0.24431539662845,-0.523958489384775,-0.0089706785411463,0.151767622786051,-0.171284811134795
2018,"Cape Johnson",3,"N",5,0,0,0,0,3,0,1,0,0,0,0,0,0,0,0,0,0,0,4,0,0,0,0,0,0,0,0,0,"#6A3D9A","23",-0.615814548720045,0.788670462388638,-0.0905134066455983,-0.0563926540991442,-0.24431539662845,-0.523958489384775,-0.00897067854114634,0.151767622786051,-0.171284811134794
2018,"Cape Johnson",4,"N",5,0,0,0,0,1,0,0,0,0,0,0,0,0,0,0,0,0,0,0,0,0,0,0,0,0,0,0,0,"#6A3D9A","23",-0.615814548720045,0.788670462388639,-0.0905134066455974,-0.0563926540991436,-0.24431539662845,-0.523958489384775,-0.0089706785411469,0.151767622786051,-0.171284811134795
2018,"Cape Johnson",1,"N",10,0,0,0,0,0,0,1,0,0,0,0,0,0,0,0,0,0,0,0,0,0,0,0,0,0,0,0,0,"#6A3D9A","23",-0.615814548720045,0.788670462388639,-0.0905134066455974,-0.0563926540991434,-0.24431539662845,-0.523958489384775,-0.00897067854114647,0.151767622786051,-0.171284811134795
2018,"Cape Johnson",2,"N",10,0,0,0,0,1,0,0,0,0,0,1,0,0,0,0,0,0,0,0,0,0,0,0,0,0,1,0,0,"#6A3D9A","23",-1.12103801979292,1.15865723835959,0.708335864806269,1.13437135403338,-2.14249388160449,2.43475674819815,2.180074193946,0.259920612806228,-0.102304618504248
2018,"Cape Johnson",3,"N",10,0,0,0,0,0,0,0,0,0,0,0,0,0,0,0,0,0,0,0,0,0,0,0,0,0,0,0,0,"#6A3D9A","23",-0.615814548720044,0.788670462388638,-0.0905134066455995,-0.0563926540991448,-0.244315396628448,-0.523958489384776,-0.00897067854114888,0.151767622786053,-0.171284811134794
2019,"Cape Johnson",1,"N",5,0,0,0,0,3,0,2,0,0,0,0,0,3,0,0,0,0,0,1,0,0,0,0,0,0,3,0,0,"#6A3D9A","24",-0.445455193988163,-1.55996698756566,0.00763735282057268,0.373628523673117,-0.0359498799963684,0.00297930534331931,-1.46481710415066,-0.131098982991494,-0.0524559696855987
2019,"Cape Johnson",2,"N",5,0,0,0,0,2,0,2,0,0,0,0,0,7,0,0,0,0,0,3,0,0,0,0,0,0,7,0,0,"#6A3D9A","24",-0.504469637551203,-2.36193482586807,0.848680306599353,0.113179308025766,0.0325760176159885,-0.493488267375962,-0.805975087302044,0.881772490973689,-0.0563009762121255
2019,"Cape Johnson",3,"N",5,0,0,0,0,1,0,3,0,0,0,1,0,5,0,0,0,0,0,2,0,0,0,0,0,0,6,0,0,"#6A3D9A","24",-1.2685795849726,-1.75585741329862,1.28381033887403,1.41756983785583,-1.58480727777467,2.76787462957599,0.705567022995826,-0.144500736153317,0.0310733864640678
2019,"Cape Johnson",4,"N",5,11,0,0,0,1,0,1,0,0,0,0,0,0,0,12,0,0,0,0,0,0,0,0,0,0,12,0,0,"#6A3D9A","24",-0.407054397355284,1.79492609619598,1.21714932735316,4.10613931489149,5.42287472586585,1.32584126575246,1.15898481310361,1.07197955744546,-0.754741140544374
2019,"Cape Johnson",1,"N",10,0,0,0,1,0,0,2,0,0,0,0,0,2,0,0,0,0,0,0,0,0,0,0,0,0,2,0,0,"#6A3D9A","24",-0.334276857180883,-1.08722883972008,-0.149358675867925,0.597730945525896,-0.20352814618936,0.25329707643711,-1.47589753131028,-0.705882634714531,-0.179515871429221
2019,"Cape Johnson",2,"N",10,0,0,0,0,0,0,0,0,0,0,0,0,1,0,0,0,0,0,0,0,0,0,0,0,0,1,0,0,"#6A3D9A","24",-0.133625682620257,-0.299027762154072,-0.191473824376378,0.887718386545224,-0.376466254045519,0.497016659258712,-1.46460043470415,-1.25982868305999,-0.243228607365623
2019,"Cape Johnson",3,"N",10,0,0,0,0,30,0,0,0,0,0,50,0,6,0,0,0,0,0,5,0,0,0,0,0,0,56,0,0,"#6A3D9A","24",-0.407558625726072,-3.27399454711949,-4.006349667796,-1.96287934349784,1.27464101990085,1.09520293946148,-2.05355864422215,6.03611181759814,2.23783410670802
2019,"Cape Johnson",1,"S",5,0,0,0,0,1,0,0,0,0,0,0,0,0,0,3,0,0,0,0,0,0,0,0,0,0,3,0,0,"#6A3D9A","24",-1.13899920328422,0.280081610034287,-1.16450186175678,1.44708851820526,2.81498315301222,-0.567074822154796,1.81635424668519,-1.0188682436471,1.92477693538006
2019,"Cape Johnson",2,"S",5,0,200,0,0,0,0,1,0,0,0,0,0,0,0,0,0,0,0,1,0,0,0,0,0,0,0,0,0,"#6A3D9A","24",-0.615814548720044,0.788670462388636,-0.0905134066456025,-0.0563926540991476,-0.244315396628447,-0.523958489384779,-0.0089706785411503,0.151767622786057,-0.171284811134792
2019,"Cape Johnson",3,"S",5,0,0,0,0,4,0,5,0,0,0,0,0,1,0,0,0,0,0,0,0,0,0,0,0,0,1,0,0,"#6A3D9A","24",-0.133625682620258,-0.299027762154073,-0.191473824376383,0.887718386545221,-0.376466254045516,0.497016659258708,-1.46460043470415,-1.25982868305999,-0.243228607365619
2019,"Cape Johnson",4,"S",5,1,0,0,0,3,0,7,0,0,0,0,0,0,0,11,0,0,0,0,0,0,0,0,0,0,11,0,0,"#6A3D9A","24",-0.470405442948787,1.70121992707847,1.08781194838963,3.95800056669281,5.26552611951442,1.20553139728986,1.21815360363295,0.920746237259483,-0.559647820172433
2019,"Cape Johnson",1,"S",10,0,0,0,0,1,0,2,0,0,0,0,0,0,0,0,0,0,0,0,0,0,0,0,0,0,0,0,0,"#6A3D9A","24",-0.615814548720043,0.78867046238864,-0.0905134066455981,-0.0563926540991431,-0.244315396628445,-0.523958489384777,-0.00897067854115163,0.15176762278606,-0.171284811134795
2019,"Cape Johnson",2,"S",10,0,0,0,0,2,0,3,0,0,0,0,0,3,0,0,0,0,0,0,0,0,0,0,0,0,3,0,0,"#6A3D9A","24",-0.445455193988166,-1.55996698756566,0.00763735282057047,0.373628523673116,-0.0359498799963656,0.00297930534331937,-1.46481710415067,-0.13109898299149,-0.0524559696855988
2019,"Cape Johnson",3,"S",10,0,0,0,0,0,0,1,0,0,0,0,0,1,0,0,0,0,0,0,0,0,0,0,0,0,1,0,0,"#6A3D9A","24",-0.133625682620256,-0.299027762154069,-0.191473824376379,0.887718386545226,-0.376466254045513,0.497016659258711,-1.46460043470415,-1.25982868305998,-0.243228607365623
2019,"Cape Johnson",4,"S",10,0,0,0,0,0,0,0,0,0,0,0,0,0,0,0,0,0,0,0,0,0,0,0,0,0,0,0,0,"#6A3D9A","24",-0.615814548720043,0.788670462388639,-0.0905134066455982,-0.0563926540991435,-0.244315396628445,-0.523958489384777,-0.00897067854115153,0.151767622786061,-0.171284811134795
2021,"Cape Johnson",1,"N",5,0,0,0,0,0,0,2,0,1,0,0,0,0,0,16,0,0,0,0,0,0,0,0,0,0,16,0,0,"#6A3D9A","25",-0.190047570326271,2.10440791156304,1.64703051714433,4.58450824587048,5.93121730238223,1.71989605468587,0.953298971495353,1.59208873307,-1.42046164772652
2021,"Cape Johnson",2,"N",5,0,0,0,0,0,0,2,0,0,0,0,0,0,0,0,0,0,0,0,0,0,0,0,0,0,0,0,0,"#6A3D9A","25",-0.615814548720042,0.788670462388642,-0.0905134066455956,-0.0563926540991405,-0.244315396628443,-0.523958489384776,-0.0089706785411529,0.151767622786062,-0.171284811134797
2021,"Cape Johnson",3,"N",5,0,0,0,0,1,0,2,0,0,0,0,0,0,0,0,0,0,0,1,0,0,0,0,0,0,0,0,0,"#6A3D9A","25",-0.615814548720041,0.788670462388642,-0.0905134066455956,-0.0563926540991406,-0.244315396628442,-0.523958489384776,-0.00897067854115387,0.151767622786063,-0.171284811134796
2021,"Cape Johnson",4,"N",5,0,0,0,0,1,0,0,0,0,0,0,0,9,0,35,0,0,0,0,0,0,0,0,0,0,44,0,0,"#6A3D9A","25",-0.575161319372535,-0.770403830343237,3.80522079257979,4.14740447796883,5.21794258671201,1.10039298209039,0.0463374730592143,3.53834343386209,-1.65981672730314
2021,"Cape Johnson",1,"N",10,0,0,0,0,0,0,1,0,0,0,0,0,0,0,0,0,0,0,0,0,0,0,0,0,5,5,0,0,"#6A3D9A","25",-0.953868858412753,0.840137816774616,1.51988981634309,-4.32139495882793,1.94600293352783,1.98157093569691,0.408999946311889,-0.94743267619523,0.111677185478728
2021,"Cape Johnson",2,"N",10,0,0,0,1,1,0,0,0,0,0,0,0,20,0,9,0,0,0,0,0,0,0,0,0,0,29,0,0,"#6A3D9A","25",-0.0946180185538791,-1.54124889951377,3.37734448199088,2.89613268480717,2.68671726804678,0.135170621540046,2.2542794376463,0.413280648593211,0.254776580694373
2021,"Cape Johnson",3,"N",10,0,0,0,0,0,0,0,1,0,0,0,0,1,0,0,0,0,0,0,0,0,0,0,0,0,1,0,0,"#6A3D9A","25",-0.133625682620252,-0.29902776215406,-0.191473824376367,0.887718386545236,-0.376466254045505,0.497016659258717,-1.46460043470416,-1.25982868305998,-0.243228607365629
2021,"Cape Johnson",4,"N",10,0,0,0,0,0,0,1,1,0,0,0,0,12,0,0,0,0,0,0,0,0,0,0,0,0,12,0,0,"#6A3D9A","25",-0.165044080433669,-2.54276044762571,1.50838431596027,0.11152731975976,-0.282356880098525,-0.590577035897253,0.168622889412564,0.652337042143727,-0.240637768080026
2021,"Cape Johnson",1,"S",5,0,0,0,0,0,0,1,0,0,0,0,0,0,0,4,0,0,0,0,0,0,0,0,0,0,4,0,0,"#6A3D9A","25",-1.01778917017392,0.575417789576451,-0.712415864825435,1.99181875365739,3.3540850153948,-0.20757192003621,1.70418625499719,-0.658959770557042,1.48482956006389
2021,"Cape Johnson",2,"S",5,1,0,0,0,0,0,2,1,0,0,0,0,0,0,0,0,0,0,0,0,0,0,0,0,0,0,0,0,"#6A3D9A","25",-0.615814548720039,0.788670462388645,-0.090513406645593,-0.0563926540991393,-0.244315396628442,-0.523958489384775,-0.00897067854115506,0.151767622786065,-0.171284811134797
2021,"Cape Johnson",3,"S",5,0,0,0,0,0,0,0,0,0,0,0,0,0,0,0,0,0,0,0,0,0,0,0,0,0,0,0,0,"#6A3D9A","25",-0.615814548720039,0.788670462388645,-0.0905134066455932,-0.0563926540991393,-0.244315396628441,-0.523958489384775,-0.00897067854115514,0.151767622786065,-0.171284811134798
2021,"Cape Johnson",4,"S",5,0,0,0,0,0,0,0,0,0,0,0,0,32,0,0,0,0,0,0,0,0,0,0,0,0,32,0,0,"#6A3D9A","25",1.81161311332678,-1.91984772750842,1.52770257312158,-0.115925539908456,-0.748868121957941,-0.675885338043484,1.0591730156121,-0.0301335934694268,0.169095541506689
2021,"Cape Johnson",1,"S",10,0,0,0,0,0,0,2,0,0,0,0,0,2,0,0,0,0,0,0,0,0,0,0,0,0,2,0,0,"#6A3D9A","25",-0.334276857180885,-1.08722883972008,-0.149358675867924,0.597730945525896,-0.203528146189356,0.25329707643711,-1.47589753131028,-0.705882634714526,-0.179515871429223
2021,"Cape Johnson",2,"S",10,0,0,0,0,0,0,4,0,0,0,0,0,0,0,0,0,0,0,0,0,0,0,0,0,0,0,1,0,"#6A3D9A","25",-0.615814548720039,0.788670462388645,-0.0905134066455929,-0.0563926540991399,-0.244315396628442,-0.523958489384775,-0.00897067854115459,0.151767622786065,-0.171284811134796
2021,"Cape Johnson",3,"S",10,0,0,0,1,0,0,3,1,0,0,0,0,0,0,0,0,0,0,0,0,0,0,0,0,0,0,0,0,"#6A3D9A","25",-0.615814548720039,0.788670462388645,-0.0905134066455929,-0.0563926540991397,-0.244315396628442,-0.523958489384775,-0.00897067854115475,0.151767622786065,-0.171284811134796
2021,"Cape Johnson",4,"S",10,0,0,0,0,0,0,1,0,0,0,0,0,6,0,0,0,0,0,0,0,0,0,0,0,2,8,0,0,"#6A3D9A","25",-1.47852148086315,-2.30595413821515,2.06714961641287,-3.09020033940176,1.64272553821837,1.45928321112247,-1.02927159290927,-0.155619856150216,0.462775857852794
2016,"Cape Alava",1,"W",5,0,0,0,0,4,0,0,0,0,0,0,0,1,0,0,0,0,0,6,0,0,0,0,0,0,1,0,0,"#E31A1C","21",-0.133625682620257,-0.299027762154064,-0.191473824376367,0.887718386545235,-0.376466254045505,0.497016659258716,-1.46460043470416,-1.25982868305998,-0.243228607365629
2016,"Cape Alava",2,"W",5,0,0,0,0,7,0,0,0,0,0,0,0,105,0,0,0,0,0,3,0,1,0,0,0,0,106,0,0,"#E31A1C","21",5.70518071973726,-0.530668100068735,-1.80700498154928,-0.685424668056285,-0.0133651341842102,-0.195123237393557,1.02894926963432,-0.58430723363831,-1.3495404778566
2016,"Cape Alava",3,"W",5,0,0,0,0,5,0,2,0,0,0,0,0,137,0,0,0,0,0,4,0,2,0,0,0,0,139,0,0,"#E31A1C","21",6.57368214333959,0.00959404338220285,-2.40780409370456,-0.580065315235276,0.386955184372401,0.0570221172021674,0.737797007801905,-0.428649986710852,-1.8942460308186
2016,"Cape Alava",4,"W",5,0,0,0,0,3,0,0,0,0,0,0,0,70,0,0,0,0,0,0,0,0,0,0,0,0,70,0,0,"#E31A1C","21",4.39812652508519,-0.444005034149642,0.725958374528692,-0.0476181712377201,-0.416382640266168,-0.490957639891601,0.464614782823821,0.0640822163563066,0.503583338340047
2016,"Cape Alava",5,"W",5,0,0,1,0,2,0,0,0,0,0,0,1,58,0,0,0,0,0,3,0,0,0,0,0,0,58,0,0,"#E31A1C","21",3.73526404124169,-0.870395984644054,0.932830935155578,-0.105201532645128,-0.558684072837652,-0.569600099520388,0.701712370268686,-0.0221311554583616,0.452016326471533
2016,"Cape Alava",6,"W",5,0,0,0,0,4,0,0,1,0,0,0,0,93,0,0,0,0,0,5,0,0,0,0,0,3,96,0,0,"#E31A1C","21",4.94430619299429,0.625546317631035,1.48484093448469,-2.40410251757735,0.675532423019997,1.08701922515961,0.384665607232702,-1.10561216655379,0.955186925929128
2016,"Cape Alava",1,"W",10,0,0,0,0,6,0,1,1,0,0,0,0,3,0,0,0,0,0,0,0,0,0,0,0,0,3,0,0,"#E31A1C","21",-0.445455193988165,-1.55996698756566,0.00763735282056811,0.373628523673116,-0.0359498799963642,0.00297930534331972,-1.46481710415067,-0.13109898299149,-0.0524559696856008
2016,"Cape Alava",2,"W",10,0,0,0,0,11,0,4,0,0,0,0,0,11,0,0,0,0,0,2,0,0,0,0,0,0,11,0,0,"#E31A1C","21",-0.250280134098037,-2.52194965875309,1.45095930715473,0.132652309875061,-0.220519747940441,-0.573056193927591,0.0083028852145255,0.728815070216366,-0.227446822331761
2016,"Cape Alava",3,"W",10,0,0,0,0,0,0,0,1,0,0,0,0,3,0,0,0,0,0,0,0,0,0,0,0,0,3,0,0,"#E31A1C","21",-0.445455193988164,-1.55996698756566,0.00763735282056721,0.373628523673116,-0.0359498799963641,0.00297930534332001,-1.46481710415067,-0.13109898299149,-0.0524559696856007
2016,"Cape Alava",4,"W",10,0,0,0,0,6,0,3,1,0,0,0,0,29,0,0,0,0,0,8,0,0,0,0,0,0,29,0,0,"#E31A1C","21",1.52759375695164,-2.0508620967282,1.60147466462127,-0.101850661065637,-0.744741215686837,-0.678488963585361,1.06337622520782,0.000224942931714267,0.114168222065757
2016,"Cape Alava",5,"W",10,0,0,0,0,8,0,2,0,0,0,0,0,5,0,0,0,0,0,5,0,0,0,0,0,1,6,0,0,"#E31A1C","21",-1.12610271941123,-1.90014628416339,1.66640588954773,-2.38222399130846,1.49115208922056,1.41164140708452,-1.51711725470926,-0.232177976549101,0.418149223414647
2016,"Cape Alava",6,"W",10,0,0,0,0,8,0,1,0,0,0,0,0,0,0,0,0,0,0,14,0,0,0,0,0,0,0,0,0,"#E31A1C","21",-0.615814548720038,0.788670462388642,-0.0905134066455986,-0.0563926540991425,-0.244315396628443,-0.523958489384776,-0.00897067854115193,0.15176762278606,-0.171284811134798
2017,"Cape Alava",1,"E",5,0,0,0,0,9,0,1,0,0,0,3,0,2,0,0,0,0,0,5,0,0,0,0,0,0,5,0,0,"#E31A1C","22",-0.205533594641193,-0.583777232678031,-1.41957691898969,1.61340311167145,-1.41173893640861,4.35666186871408,-0.693024730836569,-0.989278122323132,0.482414794200558
2017,"Cape Alava",2,"E",5,0,0,0,0,4,0,0,0,0,0,0,0,0,0,0,0,0,0,1,0,0,0,0,0,0,0,0,0,"#E31A1C","22",-0.615814548720037,0.788670462388644,-0.0905134066455975,-0.0563926540991411,-0.244315396628444,-0.523958489384774,-0.0089706785411514,0.151767622786059,-0.171284811134799
2017,"Cape Alava",3,"E",5,0,0,0,0,3,0,0,1,0,0,0,0,0,0,0,0,0,0,13,0,0,0,0,0,0,0,0,0,"#E31A1C","22",-0.615814548720037,0.788670462388643,-0.0905134066455982,-0.0563926540991416,-0.244315396628444,-0.523958489384775,-0.00897067854115136,0.151767622786059,-0.171284811134799
2017,"Cape Alava",4,"E",5,0,0,0,0,10,0,2,0,0,0,0,0,1,0,0,0,0,0,12,0,0,0,0,0,0,1,0,0,"#E31A1C","22",-0.133625682620252,-0.299027762154063,-0.191473824376373,0.887718386545234,-0.376466254045508,0.497016659258717,-1.46460043470416,-1.25982868305998,-0.24322860736563
2017,"Cape Alava",1,"E",10,0,0,0,0,0,0,1,0,0,0,0,0,0,0,0,0,0,0,4,0,0,0,0,0,0,0,0,0,"#E31A1C","22",-0.615814548720037,0.788670462388643,-0.0905134066455976,-0.0563926540991418,-0.244315396628444,-0.523958489384775,-0.00897067854115076,0.151767622786059,-0.171284811134798
2017,"Cape Alava",2,"E",10,0,0,0,0,1,0,2,0,0,0,0,0,0,0,0,0,0,0,12,0,0,0,0,0,0,0,0,0,"#E31A1C","22",-0.615814548720037,0.788670462388644,-0.0905134066455975,-0.0563926540991413,-0.244315396628444,-0.523958489384775,-0.0089706785411512,0.151767622786059,-0.171284811134799
2017,"Cape Alava",3,"E",10,0,0,0,0,0,0,4,0,0,0,0,0,0,0,0,0,0,0,24,0,0,0,0,0,0,0,0,0,"#E31A1C","22",-0.615814548720036,0.788670462388644,-0.0905134066455976,-0.0563926540991413,-0.244315396628444,-0.523958489384775,-0.00897067854115155,0.151767622786059,-0.171284811134799
2017,"Cape Alava",5,"E",10,0,0,0,0,0,0,2,0,0,0,0,0,0,0,0,0,0,0,14,0,0,0,0,0,0,0,0,0,"#E31A1C","22",-0.615814548720037,0.788670462388643,-0.090513406645598,-0.0563926540991416,-0.244315396628444,-0.523958489384775,-0.00897067854115097,0.151767622786059,-0.171284811134799
2017,"Cape Alava",6,"E",10,0,0,0,0,2,0,1,0,0,0,0,0,0,0,0,0,0,0,0,0,0,0,0,0,0,0,0,0,"#E31A1C","22",-0.615814548720037,0.788670462388643,-0.090513406645598,-0.0563926540991418,-0.244315396628445,-0.523958489384775,-0.0089706785411508,0.151767622786059,-0.171284811134799
2017,"Cape Alava",1,"W",5,0,0,0,0,7,0,1,0,0,0,0,0,0,0,0,0,0,0,3,0,0,0,0,0,0,0,0,0,"#E31A1C","22",-0.615814548720037,0.788670462388643,-0.0905134066455985,-0.0563926540991416,-0.244315396628444,-0.523958489384775,-0.00897067854115085,0.151767622786058,-0.171284811134799
2017,"Cape Alava",2,"W",5,0,0,0,0,0,0,1,0,0,0,0,0,2,0,0,0,0,0,1,0,0,0,0,0,0,2,0,0,"#E31A1C","22",-0.334276857180889,-1.08722883972008,-0.149358675867929,0.597730945525893,-0.203528146189356,0.253297076437111,-1.47589753131028,-0.705882634714529,-0.179515871429225
2017,"Cape Alava",3,"W",5,0,0,0,0,1,0,0,0,0,0,0,0,1,0,0,0,0,0,1,0,0,0,0,0,0,1,0,0,"#E31A1C","22",-0.133625682620252,-0.299027762154063,-0.191473824376373,0.887718386545234,-0.376466254045508,0.497016659258717,-1.46460043470416,-1.25982868305998,-0.24322860736563
2017,"Cape Alava",4,"W",5,0,0,0,0,3,0,2,0,0,0,0,0,1,0,0,0,0,0,7,0,0,0,0,0,0,1,0,0,"#E31A1C","22",-0.133625682620252,-0.299027762154063,-0.191473824376373,0.887718386545234,-0.376466254045508,0.497016659258717,-1.46460043470416,-1.25982868305998,-0.24322860736563
2017,"Cape Alava",1,"W",10,0,0,0,0,0,0,3,0,0,0,0,1,0,0,0,0,0,0,2,0,0,0,0,0,0,0,0,0,"#E31A1C","22",-0.615814548720038,0.788670462388643,-0.0905134066455981,-0.0563926540991422,-0.244315396628444,-0.523958489384776,-0.00897067854115039,0.15176762278606,-0.171284811134799
2017,"Cape Alava",2,"W",10,0,0,0,0,0,0,2,0,0,0,0,0,0,0,0,0,0,0,10,0,0,0,0,0,0,0,0,0,"#E31A1C","22",-0.615814548720037,0.788670462388643,-0.0905134066455981,-0.0563926540991422,-0.244315396628444,-0.523958489384775,-0.0089706785411507,0.151767622786059,-0.171284811134798
2017,"Cape Alava",3,"W",10,0,0,0,0,2,0,2,0,0,0,0,0,0,0,0,0,0,0,5,0,0,0,0,0,0,0,0,0,"#E31A1C","22",-0.615814548720037,0.788670462388643,-0.0905134066455985,-0.0563926540991421,-0.244315396628444,-0.523958489384775,-0.00897067854115057,0.151767622786059,-0.171284811134799
2017,"Cape Alava",4,"W",10,0,0,0,0,4,0,2,0,0,0,0,1,0,0,0,0,0,0,11,0,0,1,0,0,0,0,0,0,"#E31A1C","22",-0.615814548720037,0.788670462388643,-0.0905134066455982,-0.0563926540991418,-0.244315396628444,-0.523958489384775,-0.00897067854115081,0.151767622786059,-0.171284811134799
2017,"Cape Alava",5,"W",10,0,0,0,0,0,0,1,0,0,0,0,0,0,0,0,0,0,0,0,0,0,0,0,0,0,0,0,0,"#E31A1C","22",-0.615814548720037,0.788670462388643,-0.0905134066455985,-0.0563926540991419,-0.244315396628444,-0.523958489384775,-0.00897067854115088,0.15176762278606,-0.171284811134799
2018,"Cape Alava",1,"E",5,0,0,0,0,1,0,0,0,0,0,0,0,0,0,0,0,0,0,0,0,0,0,0,0,0,0,0,0,"#E31A1C","23",-0.615814548720037,0.788670462388643,-0.0905134066455985,-0.0563926540991418,-0.244315396628444,-0.523958489384775,-0.00897067854115094,0.151767622786059,-0.171284811134798
2018,"Cape Alava",2,"E",5,0,0,0,0,0,0,0,0,0,0,7,0,0,0,0,0,0,0,5,0,0,0,0,0,0,7,0,0,"#E31A1C","23",-0.676959464876716,0.186980515514447,-2.70242749147178,-0.428293087411588,-1.06121389822099,2.90033701706625,0.926123339020773,2.93540216081506,1.4526668179928
2018,"Cape Alava",3,"E",5,0,0,0,0,0,0,0,1,0,0,4,0,0,0,0,0,0,0,3,0,0,0,0,0,0,4,0,0,"#E31A1C","23",-0.858312438578697,0.599859246421528,-1.45552267937509,0.252224953701455,-1.5808993424953,3.01076107257951,1.47826147512743,1.90960821134697,0.899789978590375
2018,"Cape Alava",4,"E",5,0,0,0,0,2,0,1,0,0,0,5,0,0,0,0,0,0,0,1,0,0,0,0,0,0,5,0,0,"#E31A1C","23",-0.807326116232061,0.432341728845147,-1.92402996526181,-0.00769049162238318,-1.39594482976437,2.98055015036859,1.28800250800168,2.30841612206286,1.11369835623645
2018,"Cape Alava",1,"E",10,0,0,0,0,0,0,2,0,0,0,0,0,0,0,0,0,0,0,4,0,0,0,0,0,0,0,0,0,"#E31A1C","23",-0.615814548720038,0.788670462388643,-0.090513406645597,-0.0563926540991415,-0.244315396628445,-0.523958489384775,-0.00897067854114949,0.151767622786059,-0.171284811134799
2018,"Cape Alava",2,"E",10,0,0,0,0,8,0,2,0,0,0,0,0,0,0,0,0,0,0,6,0,0,0,0,0,0,0,0,0,"#E31A1C","23",-0.615814548720038,0.788670462388643,-0.0905134066455974,-0.0563926540991413,-0.244315396628445,-0.523958489384775,-0.00897067854115001,0.151767622786058,-0.171284811134799
2018,"Cape Alava",3,"E",10,0,0,0,0,6,0,1,0,0,0,0,0,0,0,0,0,0,0,29,0,0,0,0,0,0,0,0,0,"#E31A1C","23",-0.615814548720038,0.788670462388643,-0.0905134066455971,-0.056392654099141,-0.244315396628445,-0.523958489384775,-0.0089706785411501,0.151767622786058,-0.171284811134799
2018,"Cape Alava",4,"E",10,0,0,0,0,1,0,1,0,0,0,0,0,0,0,0,0,0,0,19,0,0,0,0,0,0,0,0,0,"#E31A1C","23",-0.615814548720038,0.788670462388643,-0.0905134066455978,-0.0563926540991414,-0.244315396628444,-0.523958489384775,-0.0089706785411504,0.151767622786059,-0.171284811134799
2018,"Cape Alava",1,"W",5,0,0,0,0,2,0,2,0,0,0,0,0,0,0,0,0,0,0,5,0,0,0,0,0,0,0,0,0,"#E31A1C","23",-0.615814548720038,0.788670462388643,-0.0905134066455971,-0.056392654099141,-0.244315396628444,-0.523958489384775,-0.00897067854115044,0.151767622786059,-0.171284811134799
2018,"Cape Alava",2,"W",5,0,0,0,0,12,0,0,0,0,0,0,0,0,0,0,0,0,0,1,0,0,0,0,0,4,4,0,0,"#E31A1C","23",-0.95272364815634,0.906023353565292,1.56739715575525,-4.14889086214819,1.84504720163195,1.82583947418588,0.328266275402343,-0.838807904692099,0.123153325132917
2018,"Cape Alava",3,"W",5,0,0,0,0,3,0,3,0,0,0,0,0,0,0,0,0,0,0,5,0,0,0,0,0,0,0,0,0,"#E31A1C","23",-0.615814548720038,0.788670462388643,-0.0905134066455975,-0.0563926540991417,-0.244315396628444,-0.523958489384775,-0.00897067854115027,0.151767622786059,-0.171284811134799
2018,"Cape Alava",4,"W",5,0,0,0,0,0,0,5,1,0,0,0,0,0,0,0,0,0,0,0,0,0,0,0,0,0,0,0,0,"#E31A1C","23",-0.615814548720038,0.788670462388643,-0.090513406645597,-0.0563926540991412,-0.244315396628444,-0.523958489384775,-0.00897067854115043,0.151767622786059,-0.171284811134799
2018,"Cape Alava",1,"W",10,0,0,0,0,0,0,1,0,0,0,0,0,0,0,0,0,0,0,0,0,0,0,0,0,1,1,0,0,"#E31A1C","23",-0.793162485039515,1.22656224791869,1.50585378352285,-2.83229525930616,1.26637855272068,0.913168427983471,-0.161633909508249,-0.122814182933159,0.0290449660410875
2018,"Cape Alava",2,"W",10,0,0,0,0,2,0,0,0,0,0,0,0,0,0,0,0,0,0,8,0,0,0,0,0,0,0,0,0,"#E31A1C","23",-0.615814548720038,0.788670462388642,-0.0905134066455979,-0.056392654099141,-0.244315396628445,-0.523958489384775,-0.0089706785411496,0.151767622786058,-0.171284811134799
2018,"Cape Alava",3,"W",10,0,0,0,0,1,0,1,0,0,0,0,1,0,0,0,0,0,0,12,0,0,0,0,0,0,0,0,0,"#E31A1C","23",-0.615814548720038,0.788670462388642,-0.090513406645598,-0.0563926540991409,-0.244315396628444,-0.523958489384775,-0.00897067854114987,0.151767622786058,-0.171284811134799
2018,"Cape Alava",4,"W",10,2,0,0,0,1,0,0,0,0,0,0,0,3,0,0,0,0,0,7,0,0,0,0,0,0,3,0,0,"#E31A1C","23",-0.445455193988163,-1.55996698756566,0.0076373528205684,0.373628523673115,-0.0359498799963672,0.00297930534331917,-1.46481710415066,-0.131098982991494,-0.0524559696856015
2019,"Cape Alava",1,"E",5,0,0,0,0,2,0,1,0,0,0,0,0,0,0,1,0,0,0,0,0,0,0,0,0,0,1,0,0,"#E31A1C","24",-1.38347419697152,-0.356029434652478,-1.98890174789456,0.0174992631372357,1.29317126727348,-1.48468038093337,1.81510354201195,-1.3852790905733,2.58100037158215
2019,"Cape Alava",2,"E",5,0,0,0,0,4,0,1,0,0,0,0,0,0,0,4,0,0,0,0,0,0,0,0,0,0,4,0,0,"#E31A1C","24",-1.01778917017392,0.575417789576449,-0.712415864825433,1.99181875365739,3.3540850153948,-0.207571920036208,1.70418625499719,-0.658959770557041,1.48482956006388
2019,"Cape Alava",3,"E",5,1,0,0,0,1,0,1,0,0,0,0,0,0,0,0,0,0,0,4,0,0,0,0,0,0,0,0,0,"#E31A1C","24",-0.615814548720037,0.788670462388644,-0.0905134066455953,-0.0563926540991386,-0.244315396628444,-0.523958489384774,-0.00897067854115126,0.15176762278606,-0.171284811134801
2019,"Cape Alava",4,"E",5,0,0,0,0,2,0,1,0,0,0,0,0,0,0,0,0,0,0,0,0,0,0,0,0,0,0,0,0,"#E31A1C","24",-0.615814548720037,0.788670462388644,-0.0905134066455953,-0.0563926540991388,-0.244315396628444,-0.523958489384774,-0.00897067854115062,0.15176762278606,-0.171284811134802
2019,"Cape Alava",1,"E",10,0,0,0,0,0,0,2,0,0,0,0,0,0,0,1,0,0,0,1,0,0,0,0,0,0,1,0,0,"#E31A1C","24",-1.38347419697152,-0.356029434652478,-1.98890174789456,0.0174992631372375,1.29317126727348,-1.48468038093337,1.81510354201195,-1.3852790905733,2.58100037158215
2019,"Cape Alava",2,"E",10,0,0,0,0,2,0,1,1,0,0,0,0,0,0,0,0,0,0,5,0,0,0,0,0,0,0,0,0,"#E31A1C","24",-0.615814548720036,0.788670462388647,-0.0905134066455924,-0.0563926540991358,-0.244315396628442,-0.523958489384771,-0.00897067854115294,0.151767622786062,-0.171284811134804
2019,"Cape Alava",3,"E",10,0,0,0,0,0,0,7,0,0,0,0,0,0,0,0,0,0,0,1,0,0,0,0,0,0,0,0,0,"#E31A1C","24",-0.615814548720037,0.788670462388646,-0.0905134066455931,-0.0563926540991364,-0.244315396628443,-0.523958489384772,-0.00897067854115246,0.151767622786061,-0.171284811134804
2019,"Cape Alava",4,"E",10,0,0,0,0,3,0,3,0,0,0,0,0,0,0,0,0,0,0,8,0,0,0,0,0,0,0,0,0,"#E31A1C","24",-0.615814548720036,0.788670462388646,-0.0905134066455926,-0.0563926540991361,-0.244315396628442,-0.523958489384772,-0.0089706785411528,0.151767622786062,-0.171284811134804
2019,"Cape Alava",1,"W",5,0,0,0,0,11,0,0,0,0,0,0,0,0,0,0,0,0,0,8,0,0,0,0,0,0,0,0,0,"#E31A1C","24",-0.615814548720036,0.788670462388647,-0.0905134066455926,-0.056392654099136,-0.244315396628443,-0.523958489384772,-0.00897067854115271,0.151767622786062,-0.171284811134804
2019,"Cape Alava",2,"W",5,0,0,0,0,9,0,2,0,0,0,0,1,0,0,0,0,0,0,19,0,0,2,0,0,0,0,0,0,"#E31A1C","24",-0.615814548720037,0.788670462388646,-0.0905134066455926,-0.0563926540991362,-0.244315396628442,-0.523958489384772,-0.00897067854115284,0.151767622786062,-0.171284811134804
2019,"Cape Alava",3,"W",5,0,0,0,0,12,0,1,0,0,0,0,0,0,0,1,0,0,0,18,0,0,1,0,0,0,1,0,0,"#E31A1C","24",-1.38347419697152,-0.356029434652478,-1.98890174789456,0.0174992631372357,1.29317126727348,-1.48468038093337,1.81510354201195,-1.3852790905733,2.58100037158215
2019,"Cape Alava",4,"W",5,0,0,0,1,7,0,1,0,0,0,0,0,0,0,0,0,0,0,19,0,0,2,0,0,0,0,0,0,"#E31A1C","24",-0.615814548720036,0.788670462388648,-0.0905134066455901,-0.0563926540991339,-0.244315396628442,-0.52395848938477,-0.00897067854115418,0.151767622786064,-0.171284811134806
2019,"Cape Alava",1,"W",10,0,0,0,0,10,0,1,0,0,0,0,1,0,0,0,0,0,0,10,0,0,0,0,0,0,0,0,0,"#E31A1C","24",-0.615814548720036,0.788670462388648,-0.0905134066455901,-0.0563926540991339,-0.244315396628442,-0.52395848938477,-0.00897067854115413,0.151767622786064,-0.171284811134806
2019,"Cape Alava",2,"W",10,0,0,0,0,4,0,1,0,0,0,0,0,0,0,0,0,0,0,49,0,0,1,0,0,0,0,0,0,"#E31A1C","24",-0.615814548720036,0.788670462388648,-0.0905134066455905,-0.0563926540991342,-0.244315396628441,-0.52395848938477,-0.00897067854115451,0.151767622786064,-0.171284811134806
2019,"Cape Alava",3,"W",10,0,0,0,0,1,0,1,0,0,0,0,0,0,0,0,0,0,0,5,0,0,0,0,0,0,0,0,0,"#E31A1C","24",-0.615814548720036,0.788670462388648,-0.0905134066455907,-0.0563926540991345,-0.244315396628442,-0.52395848938477,-0.00897067854115425,0.151767622786064,-0.171284811134806
2019,"Cape Alava",4,"W",10,0,0,0,0,0,0,2,0,0,0,0,0,0,0,0,0,0,0,6,0,0,0,0,0,0,0,0,0,"#E31A1C","24",-0.615814548720036,0.788670462388648,-0.0905134066455907,-0.0563926540991343,-0.244315396628441,-0.52395848938477,-0.0089706785411545,0.151767622786064,-0.171284811134807
2021,"Cape Alava",1,"E",5,0,0,0,0,0,0,1,0,0,0,0,0,0,0,0,0,0,0,1,0,0,0,0,0,0,0,0,0,"#E31A1C","25",-0.615814548720037,0.788670462388648,-0.0905134066455905,-0.0563926540991342,-0.244315396628441,-0.52395848938477,-0.00897067854115442,0.151767622786064,-0.171284811134806
2021,"Cape Alava",2,"E",5,0,0,0,0,5,0,0,0,0,0,4,0,6,0,0,0,0,0,0,0,0,0,0,0,0,10,0,0,"#E31A1C","25",-1.29028736237394,-2.44440178342115,-0.238932242233884,0.475073344336668,-1.13797016906221,2.69066436984717,0.229810534343067,1.75299217747806,0.893387309587534
2021,"Cape Alava",3,"E",5,1,0,0,0,2,0,0,0,0,0,6,0,11,0,0,0,0,0,0,0,0,0,0,0,0,17,0,0,"#E31A1C","25",-1.37326702637388,-3.12460088051379,0.419043378345704,-0.0522464597877856,-1.43557866802451,1.92459712808292,1.52420364166888,2.39382625213326,0.925977695547113
2021,"Cape Alava",4,"E",5,0,0,0,0,1,0,1,0,0,0,0,0,53,0,2,0,0,0,0,0,0,0,0,0,0,55,0,0,"#E31A1C","25",2.75929647926087,-1.61162281166951,-0.454905249613051,0.130258430171825,0.342106941072373,-0.958274514486926,2.50863528288419,-2.39312281066004,2.89001865036502
2021,"Cape Alava",1,"E",10,0,0,0,0,0,0,3,0,0,0,0,0,3,0,0,0,0,0,14,0,0,0,0,0,0,3,0,0,"#E31A1C","25",-0.445455193988153,-1.55996698756565,0.00763735282057899,0.373628523673126,-0.035949879996361,0.00297930534332494,-1.46481710415067,-0.131098982991485,-0.0524559696856127
2021,"Cape Alava",2,"E",10,0,0,0,0,0,0,1,0,0,0,0,0,0,0,0,0,0,0,11,0,0,0,0,0,0,0,0,0,"#E31A1C","25",-0.615814548720034,0.788670462388651,-0.0905134066455894,-0.0563926540991321,-0.244315396628439,-0.523958489384769,-0.00897067854115777,0.151767622786064,-0.171284811134809
2021,"Cape Alava",3,"E",10,0,0,0,0,0,0,1,0,0,0,0,0,6,0,0,0,0,0,27,0,0,0,0,0,0,6,0,0,"#E31A1C","25",-0.553805986745898,-2.30602215592925,0.568580652019729,0.0618228388359924,0.0944460235152425,-0.476052756421601,-1.05784882174717,0.883639627027828,0.0328029645991495
2021,"Cape Alava",1,"W",5,0,0,0,0,0,0,0,0,0,0,0,0,3,0,0,0,0,0,0,0,0,0,0,0,0,3,0,0,"#E31A1C","25",-0.445455193988152,-1.55996698756565,0.00763735282057817,0.373628523673126,-0.0359498799963614,0.0029793053433252,-1.46481710415067,-0.131098982991486,-0.0524559696856127
2021,"Cape Alava",2,"W",5,0,0,0,0,0,0,0,0,0,0,0,0,1,0,0,0,0,0,0,0,0,0,0,0,0,1,0,0,"#E31A1C","25",-0.13362568262025,-0.299027762154059,-0.191473824376368,0.887718386545238,-0.376466254045505,0.497016659258719,-1.46460043470416,-1.25982868305997,-0.243228607365636
2021,"Cape Alava",3,"W",5,0,0,0,0,0,0,0,1,0,0,0,0,1,0,0,0,0,0,2,0,0,0,0,0,0,1,0,0,"#E31A1C","25",-0.13362568262025,-0.299027762154059,-0.191473824376368,0.887718386545238,-0.376466254045505,0.497016659258719,-1.46460043470416,-1.25982868305998,-0.243228607365636
2021,"Cape Alava",1,"W",10,0,0,0,0,0,0,2,1,0,0,3,0,0,0,0,0,0,0,5,0,0,0,0,0,0,3,0,0,"#E31A1C","25",-0.918421922006286,0.778208402978195,-0.896468108965307,0.527551646619852,-1.77107790878157,2.96697971998934,1.69125708341619,1.45909658935315,0.639142212118181
2021,"Cape Alava",2,"W",10,0,0,0,0,0,0,1,0,0,0,0,0,9,0,0,0,0,0,0,0,0,1,0,0,0,9,0,0,"#E31A1C","25",-0.378179532610026,-2.41709300412962,1.29293122481963,0.200279064226078,-0.0554677365862632,-0.514515013140282,-0.395889620334645,0.888335844590098,-0.208455591239496
2021,"Cape Alava",3,"W",10,0,0,0,0,0,0,5,0,0,0,0,0,0,0,0,0,0,0,6,0,0,0,0,0,0,0,0,0,"#E31A1C","25",-0.615814548720035,0.78867046238865,-0.0905134066455892,-0.056392654099133,-0.24431539662844,-0.523958489384769,-0.0089706785411562,0.151767622786064,-0.171284811134808
2021,"Cape Alava",4,"W",10,0,0,0,0,0,0,1,0,0,0,0,0,0,0,0,0,0,0,0,0,0,0,0,0,0,0,0,0,"#E31A1C","25",-0.615814548720035,0.78867046238865,-0.0905134066455896,-0.056392654099133,-0.24431539662844,-0.523958489384769,-0.00897067854115654,0.151767622786064,-0.171284811134808
2016,"Tatoosh Island",1,"N",5,0,0,0,0,0,0,0,0,0,0,0,0,222,0,0,0,0,0,0,0,4,0,0,0,0,226,0,0,"#33A02C","21",7.86883286552993,1.01792574708546,-3.15890366251561,-0.284527044538376,1.09843049338472,0.511405986639553,0.0330701626387607,-0.0392524368694022,-2.55920388884465
2016,"Tatoosh Island",2,"N",5,0,0,0,0,1,0,4,0,0,0,0,0,0,0,0,0,0,0,1,0,0,0,0,0,0,0,0,0,"#33A02C","21",-0.61581454872003,0.788670462388652,-0.0905134066455943,-0.0563926540991321,-0.244315396628438,-0.523958489384768,-0.00897067854115936,0.151767622786065,-0.171284811134812
2016,"Tatoosh Island",3,"N",5,0,0,0,0,1,0,0,0,0,0,0,0,80,0,0,0,0,0,0,0,0,0,0,0,0,80,0,0,"#33A02C","21",4.86990959935304,-0.130873477822743,0.566666993647806,-0.00145720863294757,-0.303100902527892,-0.426696925215386,0.279558113054046,0.131189504246466,0.532376858919379
2016,"Tatoosh Island",4,"N",5,0,0,0,0,1,0,2,0,0,0,1,1,38,0,0,0,0,0,2,0,0,0,0,0,0,39,0,0,"#33A02C","21",1.71165189369301,-1.1410653091424,2.47172170632174,1.01607419830743,-2.52710641485355,1.88607456141245,3.16781496806144,-1.0607235199032,0.1985967611446
2016,"Tatoosh Island",1,"N",10,0,0,0,0,0,0,3,0,0,0,0,0,145,0,0,0,0,0,18,0,0,0,0,0,0,145,0,0,"#33A02C","21",6.83475503183322,1.38890436581311,0.101545380203676,0.453651757390672,0.348643249848633,0.0359224615339423,-0.634459889125563,0.549199253768086,0.300596464324137
2016,"Tatoosh Island",2,"N",10,0,0,0,0,5,0,2,0,0,0,0,0,85,0,0,0,0,0,5,0,0,0,0,0,0,85,0,0,"#33A02C","21",5.07981804021158,0.0240767691800384,0.525851519014133,0.0424015867234942,-0.244528869449603,-0.382600711527482,0.195859804741752,0.166290040756212,0.51348797054099
2016,"Tatoosh Island",3,"N",10,0,0,0,0,0,0,1,1,0,0,0,0,66,0,0,0,0,0,0,0,0,0,0,0,0,66,0,0,"#33A02C","21",4.19020288663865,-0.579482723202984,0.792992891380423,-0.0666096138399088,-0.463131321850232,-0.517093930760642,0.541880962198812,0.0360446264522824,0.488810674967886
2016,"Tatoosh Island",4,"N",10,0,0,0,0,0,0,6,0,0,0,0,0,53,0,0,0,0,0,0,0,1,0,0,0,0,54,0,0,"#33A02C","21",3.13507492783609,-2.49514087523086,-1.33601648738884,-1.23403894323463,-0.694887737463833,-0.654612626870607,2.3340660392838,-1.0703730828001,-1.56732933805579
2017,"Tatoosh Island",1,"N",5,0,0,0,0,2,0,0,0,0,0,0,0,0,0,0,0,0,0,0,0,0,0,0,0,0,0,0,0,"#33A02C","22",-0.615814548720028,0.788670462388655,-0.0905134066455902,-0.0563926540991299,-0.244315396628439,-0.523958489384767,-0.00897067854115897,0.151767622786064,-0.171284811134812
2017,"Tatoosh Island",2,"N",5,0,0,0,0,2,0,0,0,0,0,0,0,0,0,0,0,0,0,10,0,0,0,0,0,0,0,0,0,"#33A02C","22",-0.615814548720028,0.788670462388655,-0.0905134066455903,-0.05639265409913,-0.244315396628439,-0.523958489384766,-0.00897067854115889,0.151767622786064,-0.171284811134812
2017,"Tatoosh Island",3,"N",5,0,0,0,0,4,0,2,0,0,0,0,0,91,0,0,0,0,0,3,0,0,0,0,0,0,91,0,0,"#33A02C","22",5.31498434622135,0.199431171939118,0.477309978212684,0.0922933697911758,-0.176454667909173,-0.331654950058717,0.0987603123861764,0.206844803116858,0.491048789940709
2017,"Tatoosh Island",1,"N",10,0,0,0,0,0,1,1,0,0,0,0,0,0,0,0,0,0,0,1,0,0,0,0,0,0,0,0,0,"#33A02C","22",-0.615814548720027,0.788670462388656,-0.0905134066455904,-0.0563926540991297,-0.244315396628439,-0.523958489384767,-0.00897067854115925,0.151767622786064,-0.171284811134811
2017,"Tatoosh Island",2,"N",10,0,0,0,0,2,0,0,0,0,0,0,0,1,0,0,0,0,0,0,0,0,0,0,0,0,1,0,0,"#33A02C","22",-0.133625682620241,-0.299027762154052,-0.191473824376369,0.887718386545242,-0.376466254045505,0.497016659258723,-1.46460043470417,-1.25982868305998,-0.24322860736564
2017,"Tatoosh Island",3,"N",10,0,0,0,0,1,0,3,0,0,0,0,0,0,0,0,0,0,0,18,0,0,0,0,0,0,0,0,0,"#33A02C","22",-0.615814548720028,0.788670462388655,-0.0905134066455907,-0.0563926540991302,-0.244315396628439,-0.523958489384767,-0.00897067854115885,0.151767622786064,-0.171284811134811
2017,"Tatoosh Island",4,"N",10,0,0,0,0,0,0,4,0,0,0,0,0,0,0,0,0,0,0,4,0,0,0,0,0,0,0,0,0,"#33A02C","22",-0.615814548720028,0.788670462388655,-0.0905134066455904,-0.0563926540991301,-0.244315396628439,-0.523958489384767,-0.00897067854115891,0.151767622786064,-0.171284811134811
2017,"Tatoosh Island",1,"S",5,0,0,0,0,1,0,1,2,0,0,0,0,2,0,0,0,0,0,0,0,0,0,0,0,0,2,0,0,"#33A02C","22",-0.334276857180877,-1.08722883972007,-0.149358675867918,0.597730945525906,-0.20352814618935,0.25329707643712,-1.47589753131029,-0.705882634714523,-0.17951587142924
2017,"Tatoosh Island",2,"S",5,0,0,0,0,3,0,1,0,0,0,0,0,120,0,0,0,0,0,1,0,0,0,0,0,0,120,0,0,"#33A02C","22",6.23728231901167,0.907965799870007,0.259817145810162,0.304941768761935,0.125673127975915,-0.118369956200722,-0.324772391121937,0.402382602184471,0.381110921487284
2017,"Tatoosh Island",3,"S",5,0,0,0,0,0,0,0,0,0,0,0,0,2,0,0,0,0,0,2,0,0,0,0,0,0,2,0,0,"#33A02C","22",-0.33427685718088,-1.08722883972007,-0.149358675867919,0.597730945525904,-0.20352814618935,0.253297076437119,-1.47589753131028,-0.705882634714524,-0.17951587142924
2017,"Tatoosh Island",1,"S",10,0,0,0,0,0,0,3,1,0,0,0,0,0,0,0,0,0,0,10,0,0,0,0,0,0,0,0,0,"#33A02C","22",-0.61581454872003,0.788670462388653,-0.0905134066455908,-0.0563926540991312,-0.244315396628439,-0.523958489384767,-0.00897067854115719,0.151767622786063,-0.171284811134812
2017,"Tatoosh Island",2,"S",10,0,0,0,0,1,0,5,0,0,0,0,0,0,0,0,0,0,0,8,0,0,0,0,0,0,0,0,0,"#33A02C","22",-0.61581454872003,0.788670462388653,-0.0905134066455908,-0.0563926540991312,-0.244315396628439,-0.523958489384767,-0.00897067854115724,0.151767622786064,-0.171284811134812
2017,"Tatoosh Island",3,"S",10,0,0,0,0,0,0,3,0,0,0,0,0,0,0,0,0,0,0,13,0,0,0,0,0,0,0,0,0,"#33A02C","22",-0.61581454872003,0.788670462388653,-0.0905134066455907,-0.0563926540991312,-0.244315396628439,-0.523958489384767,-0.00897067854115732,0.151767622786064,-0.171284811134812
2018,"Tatoosh Island",1,"N",5,0,0,0,0,2,0,2,0,0,0,0,1,0,0,0,0,0,0,18,0,0,0,0,0,0,0,0,0,"#33A02C","23",-0.61581454872003,0.788670462388652,-0.0905134066455908,-0.0563926540991313,-0.244315396628439,-0.523958489384768,-0.00897067854115688,0.151767622786064,-0.171284811134812
2018,"Tatoosh Island",2,"N",5,0,0,0,0,3,0,0,0,0,0,0,0,0,0,0,0,0,0,2,0,0,0,0,0,1,1,0,0,"#33A02C","23",-0.793162485039504,1.2265622479187,1.50585378352285,-2.83229525930615,1.26637855272068,0.913168427983474,-0.161633909508257,-0.122814182933158,0.0290449660410839
2018,"Tatoosh Island",3,"N",5,0,0,0,0,1,0,0,0,0,0,0,0,0,0,0,0,0,0,2,0,0,0,0,0,0,0,0,0,"#33A02C","23",-0.61581454872003,0.788670462388653,-0.0905134066455919,-0.0563926540991305,-0.244315396628439,-0.523958489384767,-0.00897067854115735,0.151767622786064,-0.171284811134813
2018,"Tatoosh Island",4,"N",5,0,0,0,0,1,0,0,0,0,0,0,0,0,0,0,0,0,0,1,0,0,0,0,0,0,0,0,0,"#33A02C","23",-0.61581454872003,0.788670462388652,-0.0905134066455921,-0.056392654099131,-0.24431539662844,-0.523958489384768,-0.00897067854115683,0.151767622786064,-0.171284811134812
2018,"Tatoosh Island",1,"N",10,0,0,0,1,0,0,0,0,0,0,0,0,0,0,0,0,0,0,0,0,0,0,0,0,0,0,0,0,"#33A02C","23",-0.61581454872003,0.788670462388652,-0.0905134066455921,-0.0563926540991309,-0.244315396628439,-0.523958489384768,-0.00897067854115712,0.151767622786064,-0.171284811134813
2018,"Tatoosh Island",2,"N",10,0,0,0,0,0,0,3,0,0,0,0,0,0,0,0,0,0,0,0,0,0,0,0,0,4,4,0,0,"#33A02C","23",-0.952723648156331,0.906023353565303,1.56739715575525,-4.14889086214818,1.84504720163195,1.82583947418589,0.328266275402334,-0.838807904692091,0.123153325132902
2018,"Tatoosh Island",3,"N",10,0,0,0,1,1,0,4,0,0,0,0,0,0,0,0,0,0,0,0,0,0,0,0,0,0,0,0,0,"#33A02C","23",-0.61581454872003,0.788670462388652,-0.0905134066455921,-0.0563926540991312,-0.244315396628439,-0.523958489384768,-0.00897067854115698,0.151767622786064,-0.171284811134813
2018,"Tatoosh Island",4,"N",10,0,0,0,0,0,0,0,0,0,0,0,1,0,0,0,0,0,0,0,0,0,0,0,0,0,0,0,0,"#33A02C","23",-0.61581454872003,0.788670462388652,-0.0905134066455923,-0.0563926540991311,-0.244315396628439,-0.523958489384768,-0.0089706785411574,0.151767622786064,-0.171284811134813
2018,"Tatoosh Island",1,"S",5,0,0,0,0,1,0,1,1,0,0,0,0,0,0,0,0,0,0,0,0,0,0,0,0,0,0,0,0,"#33A02C","23",-0.61581454872003,0.788670462388652,-0.0905134066455921,-0.0563926540991311,-0.244315396628439,-0.523958489384768,-0.00897067854115729,0.151767622786064,-0.171284811134813
2018,"Tatoosh Island",2,"S",5,0,0,0,0,0,0,0,0,0,0,0,0,0,0,0,0,0,0,2,0,0,0,0,0,0,0,0,0,"#33A02C","23",-0.61581454872003,0.788670462388653,-0.0905134066455917,-0.0563926540991308,-0.244315396628439,-0.523958489384767,-0.00897067854115758,0.151767622786064,-0.171284811134813
2018,"Tatoosh Island",3,"S",5,0,0,0,0,0,0,3,0,0,0,0,0,0,0,0,0,0,0,0,0,0,0,0,0,0,0,0,0,"#33A02C","23",-0.615814548720031,0.788670462388652,-0.0905134066455918,-0.0563926540991308,-0.244315396628439,-0.523958489384767,-0.00897067854115711,0.151767622786064,-0.171284811134813
2018,"Tatoosh Island",4,"S",5,0,0,0,0,0,0,4,0,0,0,0,0,0,0,0,0,0,0,0,0,0,0,0,0,0,0,0,0,"#33A02C","23",-0.615814548720031,0.788670462388652,-0.0905134066455916,-0.0563926540991308,-0.244315396628439,-0.523958489384767,-0.00897067854115721,0.151767622786064,-0.171284811134813
2018,"Tatoosh Island",1,"S",10,0,0,0,0,0,0,2,0,0,0,0,0,0,0,0,0,0,0,9,0,0,0,0,0,0,0,0,0,"#33A02C","23",-0.615814548720031,0.788670462388652,-0.0905134066455918,-0.056392654099131,-0.244315396628439,-0.523958489384767,-0.0089706785411568,0.151767622786064,-0.171284811134813
2018,"Tatoosh Island",2,"S",10,0,0,0,0,0,0,2,0,0,0,0,1,0,0,0,0,0,0,6,0,0,0,0,0,0,0,0,0,"#33A02C","23",-0.615814548720031,0.788670462388651,-0.0905134066455926,-0.0563926540991318,-0.24431539662844,-0.523958489384768,-0.0089706785411564,0.151767622786063,-0.171284811134813
2018,"Tatoosh Island",3,"S",10,0,0,0,0,0,0,2,0,0,0,0,0,0,0,0,0,0,0,11,0,0,0,0,0,0,0,0,0,"#33A02C","23",-0.615814548720031,0.788670462388652,-0.090513406645592,-0.0563926540991311,-0.244315396628439,-0.523958489384767,-0.00897067854115676,0.151767622786063,-0.171284811134812
2019,"Tatoosh Island",1,"N",5,0,0,0,0,2,0,1,0,0,0,0,1,0,0,0,0,0,0,11,0,0,0,0,0,0,0,0,0,"#33A02C","24",-0.615814548720031,0.788670462388651,-0.0905134066455928,-0.0563926540991316,-0.24431539662844,-0.523958489384768,-0.00897067854115612,0.151767622786063,-0.171284811134813
2019,"Tatoosh Island",2,"N",5,0,0,0,0,2,0,1,0,0,0,0,0,0,0,0,0,0,0,4,0,0,0,0,0,0,0,0,0,"#33A02C","24",-0.615814548720031,0.788670462388651,-0.0905134066455929,-0.0563926540991317,-0.24431539662844,-0.523958489384768,-0.00897067854115598,0.151767622786062,-0.171284811134813
2019,"Tatoosh Island",3,"N",5,0,0,0,0,1,0,5,0,0,0,0,0,0,0,0,0,0,0,0,0,0,0,0,0,0,0,0,0,"#33A02C","24",-0.615814548720031,0.788670462388651,-0.0905134066455927,-0.0563926540991316,-0.24431539662844,-0.523958489384768,-0.00897067854115627,0.151767622786063,-0.171284811134813
2019,"Tatoosh Island",4,"N",5,0,0,0,0,2,0,1,1,0,0,0,0,21,0,0,0,0,0,0,0,0,0,0,0,0,21,0,0,"#33A02C","24",0.734932464435443,-2.35625788174777,1.73969231479615,-0.00195134618335957,-0.627810122573554,-0.658633808403286,0.904381761392607,0.203602562228013,-0.0889912837466662
2019,"Tatoosh Island",1,"N",10,0,0,0,0,0,0,3,0,0,0,0,0,0,0,0,0,0,0,3,0,0,0,0,0,0,0,0,0,"#33A02C","24",-0.615814548720032,0.788670462388651,-0.0905134066455919,-0.0563926540991316,-0.24431539662844,-0.523958489384768,-0.00897067854115588,0.151767622786063,-0.171284811134813
2019,"Tatoosh Island",2,"N",10,0,0,0,0,0,0,3,0,0,0,0,0,0,0,0,0,0,0,1,0,0,0,0,0,0,0,0,0,"#33A02C","24",-0.615814548720032,0.788670462388651,-0.0905134066455922,-0.0563926540991318,-0.24431539662844,-0.523958489384768,-0.0089706785411556,0.151767622786063,-0.171284811134813
2019,"Tatoosh Island",3,"N",10,0,0,0,0,1,0,2,0,0,0,0,0,0,0,0,0,0,0,4,0,0,0,0,0,0,0,0,0,"#33A02C","24",-0.615814548720032,0.788670462388651,-0.0905134066455914,-0.0563926540991312,-0.24431539662844,-0.523958489384768,-0.00897067854115586,0.151767622786063,-0.171284811134813
2019,"Tatoosh Island",1,"S",5,0,0,0,0,0,0,1,0,0,0,0,0,0,0,0,0,0,0,12,0,0,0,0,0,0,0,0,0,"#33A02C","24",-0.615814548720032,0.788670462388651,-0.090513406645592,-0.0563926540991314,-0.24431539662844,-0.523958489384768,-0.00897067854115563,0.151767622786063,-0.171284811134813
2019,"Tatoosh Island",2,"S",5,0,0,0,0,6,0,2,0,0,0,0,0,0,0,0,0,0,0,3,0,0,0,0,0,0,0,0,0,"#33A02C","24",-0.615814548720032,0.788670462388651,-0.0905134066455917,-0.0563926540991313,-0.24431539662844,-0.523958489384767,-0.00897067854115606,0.151767622786063,-0.171284811134813
2019,"Tatoosh Island",3,"S",5,0,0,0,0,1,0,3,0,0,0,0,0,0,0,0,0,0,0,0,0,0,0,0,0,0,0,0,0,"#33A02C","24",-0.615814548720032,0.788670462388651,-0.0905134066455921,-0.0563926540991316,-0.24431539662844,-0.523958489384768,-0.00897067854115589,0.151767622786063,-0.171284811134813
2019,"Tatoosh Island",4,"S",5,0,0,0,1,1,0,6,0,0,0,0,0,0,0,0,0,0,0,1,0,0,0,0,0,0,0,0,0,"#33A02C","24",-0.615814548720032,0.788670462388651,-0.090513406645592,-0.0563926540991316,-0.24431539662844,-0.523958489384768,-0.00897067854115619,0.151767622786063,-0.171284811134812
2019,"Tatoosh Island",1,"S",10,0,0,0,0,0,0,5,0,0,0,0,0,10,0,0,0,0,0,3,0,0,1,0,0,0,10,0,0,"#33A02C","24",-0.316429311819995,-2.47654583760127,1.37838277253796,0.16433879832258,-0.143826239104217,-0.546250280956835,-0.1823164609475,0.803631393424156,-0.217842496392496
2019,"Tatoosh Island",2,"S",10,0,0,0,0,0,0,2,0,0,0,0,0,0,0,1,0,0,1,5,0,0,0,0,0,0,2,0,0,"#33A02C","24",-1.38347419697152,-0.356029434652476,-1.98890174789456,0.017499263137237,1.29317126727348,-1.48468038093337,1.81510354201195,-1.38527909057329,2.58100037158214
2019,"Tatoosh Island",3,"S",10,0,0,0,0,0,0,3,0,0,0,0,0,0,1,0,0,0,0,6,0,0,0,0,0,0,0,0,0,"#33A02C","24",-0.615814548720031,0.788670462388652,-0.0905134066455894,-0.0563926540991297,-0.244315396628439,-0.523958489384767,-0.00897067854115739,0.151767622786066,-0.171284811134815
2021,"Tatoosh Island",1,"N",5,0,0,0,0,0,0,0,0,0,0,0,0,60,0,0,0,0,0,3,0,0,0,0,0,0,60,0,0,"#33A02C","25",3.85429995579089,-0.79501937003247,0.897155804014491,-0.0955020361499988,-0.534575235170539,-0.556485232560429,0.661122717340396,-0.00732427815544581,0.462240175526533
2021,"Tatoosh Island",2,"N",5,0,0,0,0,0,0,2,0,0,0,0,0,0,0,0,0,0,0,1,0,0,0,0,0,0,0,0,0,"#33A02C","25",-0.615814548720031,0.788670462388653,-0.0905134066455891,-0.0563926540991293,-0.244315396628438,-0.523958489384766,-0.00897067854115724,0.151767622786065,-0.171284811134816
2021,"Tatoosh Island",3,"N",5,0,0,0,0,0,0,1,0,0,0,0,0,0,0,0,0,0,0,1,0,0,0,0,0,0,0,0,0,"#33A02C","25",-0.615814548720031,0.788670462388653,-0.0905134066455888,-0.0563926540991292,-0.244315396628438,-0.523958489384766,-0.00897067854115752,0.151767622786066,-0.171284811134816
2021,"Tatoosh Island",4,"N",5,0,0,0,0,0,0,0,0,0,0,0,0,1,0,0,0,0,0,2,0,0,0,0,0,0,1,0,0,"#33A02C","25",-0.133625682620249,-0.299027762154057,-0.191473824376366,0.887718386545243,-0.376466254045504,0.497016659258722,-1.46460043470416,-1.25982868305997,-0.243228607365644
2021,"Tatoosh Island",1,"N",10,0,0,0,0,0,0,2,0,0,0,0,0,0,0,0,0,0,0,0,0,0,0,0,0,0,0,0,0,"#33A02C","25",-0.615814548720031,0.788670462388653,-0.0905134066455891,-0.0563926540991294,-0.244315396628438,-0.523958489384767,-0.00897067854115776,0.151767622786067,-0.171284811134816
2021,"Tatoosh Island",2,"N",10,0,0,0,0,0,0,1,1,0,0,0,0,1,0,0,0,0,0,0,0,0,0,0,0,0,1,0,0,"#33A02C","25",-0.133625682620249,-0.299027762154058,-0.191473824376366,0.887718386545243,-0.376466254045504,0.497016659258722,-1.46460043470416,-1.25982868305997,-0.243228607365644
2021,"Tatoosh Island",3,"N",10,0,0,0,0,0,0,2,0,0,0,0,0,0,0,0,0,0,0,0,0,0,0,0,0,0,0,0,0,"#33A02C","25",-0.615814548720032,0.788670462388652,-0.0905134066455892,-0.0563926540991296,-0.244315396628438,-0.523958489384767,-0.00897067854115775,0.151767622786067,-0.171284811134816
2021,"Tatoosh Island",1,"S",5,0,0,0,0,0,0,3,1,0,0,0,0,0,0,0,0,0,0,0,0,0,0,0,0,0,0,0,0,"#33A02C","25",-0.615814548720032,0.788670462388652,-0.0905134066455891,-0.0563926540991295,-0.244315396628438,-0.523958489384767,-0.00897067854115749,0.151767622786067,-0.171284811134816
2021,"Tatoosh Island",2,"S",5,0,0,0,0,0,0,0,0,0,0,0,0,0,0,0,0,0,0,0,0,0,0,0,0,0,0,0,0,"#33A02C","25",-0.615814548720033,0.788670462388652,-0.0905134066455895,-0.0563926540991301,-0.244315396628438,-0.523958489384767,-0.0089706785411577,0.151767622786067,-0.171284811134815
2021,"Tatoosh Island",3,"S",5,0,0,0,0,0,0,2,0,0,0,0,1,0,0,0,0,0,0,1,0,0,0,0,0,0,0,0,0,"#33A02C","25",-0.615814548720032,0.788670462388652,-0.0905134066455891,-0.0563926540991297,-0.244315396628438,-0.523958489384767,-0.00897067854115767,0.151767622786067,-0.171284811134815
2021,"Tatoosh Island",4,"S",5,0,0,0,0,0,0,3,0,0,0,0,0,0,0,0,0,0,0,0,0,0,0,0,0,0,0,0,0,"#33A02C","25",-0.615814548720032,0.788670462388652,-0.0905134066455889,-0.0563926540991295,-0.244315396628438,-0.523958489384767,-0.00897067854115809,0.151767622786068,-0.171284811134816
2021,"Tatoosh Island",1,"S",10,0,0,0,0,0,0,1,0,0,0,0,0,0,0,0,0,0,0,1,0,0,0,0,0,0,0,0,0,"#33A02C","25",-0.615814548720033,0.788670462388652,-0.0905134066455892,-0.0563926540991297,-0.244315396628438,-0.523958489384767,-0.00897067854115809,0.151767622786067,-0.171284811134816
2021,"Tatoosh Island",2,"S",10,0,0,0,0,0,0,0,0,0,0,0,0,0,0,0,0,0,0,2,0,0,0,0,0,0,0,0,0,"#33A02C","25",-0.615814548720032,0.788670462388652,-0.0905134066455894,-0.0563926540991297,-0.244315396628438,-0.523958489384767,-0.00897067854115806,0.151767622786067,-0.171284811134815
2021,"Tatoosh Island",3,"S",10,0,0,0,0,0,0,2,0,0,0,0,0,0,0,0,0,0,0,10,0,0,0,0,0,0,0,0,0,"#33A02C","25",-0.615814548720033,0.788670462388652,-0.0905134066455893,-0.0563926540991299,-0.244315396628438,-0.523958489384767,-0.00897067854115779,0.151767622786067,-0.171284811134816
2016,"Neah Bay",1,"N",5,2,0,0,0,1,0,0,0,0,0,0,0,27,0,0,0,0,0,0,0,0,0,0,0,5,32,0,0,"#1F78B4","21",-0.100656613663082,-2.46026491093774,3.42722984095593,-3.6941350585704,0.149785951251802,0.879484315674917,2.40319725746032,-1.52211748330581,0.562594168526336
2016,"Neah Bay",2,"N",5,0,0,0,0,2,0,0,0,0,0,0,0,20,0,0,0,0,0,0,0,0,0,0,0,0,20,0,0,"#1F78B4","21",0.629607120328857,-2.38963138502188,1.749017367589,0.016494007427244,-0.600130646057051,-0.652937253450791,0.864487353828237,0.24326931888226,-0.121135336013054
2016,"Neah Bay",3,"N",5,78,0,0,0,1,0,0,0,0,0,0,0,14,0,0,0,0,0,0,0,0,0,0,0,0,14,0,0,"#1F78B4","21",0.0073407668189066,-2.56129476457861,1.59919239308366,0.0767209102699203,-0.383946022386311,-0.617018865091654,0.443961478039706,0.521744425667747,-0.266528584475654
2016,"Neah Bay",4,"N",5,0,0,0,0,0,0,1,0,0,0,0,0,12,0,0,0,0,0,0,0,0,0,0,0,0,12,0,0,"#1F78B4","21",-0.165044080433662,-2.54276044762571,1.50838431596028,0.111527319759764,-0.282356880098522,-0.590577035897252,0.168622889412562,0.652337042143735,-0.240637768080039
2016,"Neah Bay",1,"N",10,0,0,0,0,2,2,0,0,0,0,0,0,97,0,0,0,0,0,10,0,0,0,0,0,0,97,0,0,"#1F78B4","21",5.532279353179,0.362821171334672,0.428898808142621,0.140086889750031,-0.110057844853425,-0.283773882049062,0.00514600041277763,0.248519442993033,0.467209426197617
2016,"Neah Bay",2,"N",10,0,0,0,0,0,0,3,1,0,0,0,0,192,0,0,0,0,0,0,0,0,0,0,0,1,193,0,0,"#1F78B4","21",7.39924805034507,2.45507750647989,0.632057230287449,-0.76366446755175,1.32913896130775,1.26302043904519,-1.16520738362602,0.0315396146620153,0.424006023622789
2016,"Neah Bay",3,"N",10,8,0,0,0,0,0,2,0,0,0,0,0,293,0,0,0,0,0,0,0,0,0,0,0,0,293,0,0,"#1F78B4","21",8.63842373263647,2.9794283216611,-0.512849502828554,0.950649500690136,1.20312851007074,0.606048892079195,-1.76888738107623,1.1223283796508,-0.00779459554825401
2016,"Neah Bay",4,"N",10,0,0,0,0,0,1,5,0,0,0,0,0,194,0,0,0,0,0,0,0,0,0,0,0,0,194,0,0,"#1F78B4","21",7.67744090411829,2.10172613677677,-0.149495425532179,0.678265289280549,0.706432455039218,0.279407166380043,-1.12357858758278,0.787616314069879,0.172669759033476
2016,"Neah Bay",5,"N",10,2,0,0,0,2,2,0,0,0,0,0,0,119,0,0,0,0,0,0,0,0,0,0,0,0,119,0,0,"#1F78B4","21",6.2101171460315,0.886530105250874,0.266686938123175,0.298375398878341,0.116055164159025,-0.125070570476732,-0.311355095104964,0.396080650603621,0.384618627402803
2016,"Neah Bay",6,"N",10,16,0,0,0,0,0,2,0,0,0,0,0,107,0,0,0,0,0,0,0,0,0,0,0,0,107,0,0,"#1F78B4","21",5.86130068840641,0.613707562848298,0.351036581044148,0.215020737415579,-0.00388188831746622,-0.208861442244634,-0.143570004309022,0.316990004681976,0.42775167859885
2017,"Neah Bay",1,"N",5,0,0,0,0,2,0,2,0,0,0,0,0,0,0,0,0,0,0,0,0,0,0,0,0,0,0,0,0,"#1F78B4","22",-0.615814548720029,0.788670462388655,-0.0905134066455864,-0.0563926540991281,-0.244315396628437,-0.523958489384766,-0.00897067854115973,0.151767622786069,-0.171284811134815
2017,"Neah Bay",2,"N",5,0,0,0,0,1,0,0,0,0,1,0,0,3,0,0,0,0,0,0,0,0,0,0,0,0,3,0,0,"#1F78B4","22",-0.445455193988147,-1.55996698756564,0.00763735282057776,0.37362852367313,-0.0359498799963588,0.00297930534332911,-1.46481710415067,-0.131098982991483,-0.0524559696856181
2017,"Neah Bay",3,"N",5,0,0,0,0,0,1,0,0,0,1,0,0,0,0,0,0,0,0,0,0,0,0,0,0,0,0,0,0,"#1F78B4","22",-0.615814548720029,0.788670462388655,-0.0905134066455863,-0.0563926540991281,-0.244315396628437,-0.523958489384766,-0.00897067854115975,0.151767622786069,-0.171284811134815
2017,"Neah Bay",4,"N",5,0,0,0,0,0,0,0,0,0,0,3,0,0,0,0,0,0,0,0,0,0,0,0,0,0,3,0,0,"#1F78B4","22",-0.918421922006283,0.778208402978197,-0.896468108965308,0.527551646619855,-1.77107790878158,2.96697971998935,1.69125708341619,1.45909658935315,0.639142212118181
2017,"Neah Bay",1,"N",10,0,0,0,0,0,0,2,0,0,0,0,0,0,2,0,0,0,0,13,0,0,0,0,0,0,0,0,0,"#1F78B4","22",-0.61581454872003,0.788670462388655,-0.0905134066455861,-0.056392654099128,-0.244315396628438,-0.523958489384766,-0.00897067854115918,0.151767622786069,-0.171284811134815
2017,"Neah Bay",2,"N",10,0,0,0,0,0,1,4,0,0,0,0,0,0,0,0,0,0,0,24,0,0,0,0,0,0,0,0,0,"#1F78B4","22",-0.61581454872003,0.788670462388655,-0.0905134066455863,-0.0563926540991281,-0.244315396628438,-0.523958489384766,-0.00897067854115917,0.151767622786069,-0.171284811134815
2017,"Neah Bay",3,"N",10,0,0,0,0,1,0,4,0,0,0,0,0,0,1,0,0,0,0,16,0,0,0,0,0,0,0,0,0,"#1F78B4","22",-0.61581454872003,0.788670462388655,-0.0905134066455863,-0.0563926540991282,-0.244315396628437,-0.523958489384766,-0.00897067854115936,0.151767622786069,-0.171284811134815
2017,"Neah Bay",4,"N",10,10,0,0,0,1,0,2,0,0,0,0,0,3,0,0,0,1,0,20,0,0,0,0,0,0,3,0,0,"#1F78B4","22",-0.445455193988148,-1.55996698756564,0.00763735282057722,0.373628523673131,-0.0359498799963589,0.00297930534332924,-1.46481710415068,-0.131098982991483,-0.0524559696856182
2017,"Neah Bay",1,"S",5,0,0,0,0,0,0,0,0,0,0,0,0,0,0,0,0,0,0,0,0,0,0,0,0,0,0,0,0,"#1F78B4","22",-0.61581454872003,0.788670462388655,-0.0905134066455864,-0.0563926540991283,-0.244315396628437,-0.523958489384766,-0.00897067854115928,0.151767622786069,-0.171284811134815
2017,"Neah Bay",2,"S",5,0,0,0,0,1,0,1,0,0,0,1,0,0,0,0,0,0,0,0,0,0,0,0,0,0,1,0,0,"#1F78B4","22",-1.12103801979289,1.15865723835962,0.708335864806297,1.13437135403342,-2.14249388160448,2.43475674819817,2.18007419394598,0.259920612806266,-0.102304618504269
2017,"Neah Bay",3,"S",5,0,0,0,0,2,0,1,0,0,0,0,0,0,0,0,0,0,0,4,0,0,0,0,0,0,0,0,0,"#1F78B4","22",-0.61581454872003,0.788670462388654,-0.0905134066455885,-0.0563926540991297,-0.244315396628436,-0.523958489384767,-0.00897067854116101,0.15176762278607,-0.171284811134814
2017,"Neah Bay",4,"S",5,0,0,0,0,1,0,0,0,0,0,0,0,0,0,0,0,0,0,1,0,0,0,0,0,0,0,0,0,"#1F78B4","22",-0.61581454872003,0.788670462388654,-0.0905134066455886,-0.0563926540991299,-0.244315396628436,-0.523958489384767,-0.00897067854116051,0.15176762278607,-0.171284811134815
2017,"Neah Bay",1,"S",10,0,0,0,0,0,0,0,0,0,0,0,0,0,1,0,0,0,0,9,0,0,0,0,0,0,0,0,0,"#1F78B4","22",-0.61581454872003,0.788670462388653,-0.0905134066455887,-0.0563926540991301,-0.244315396628437,-0.523958489384768,-0.00897067854116039,0.15176762278607,-0.171284811134814
2017,"Neah Bay",2,"S",10,0,0,0,0,3,0,1,0,0,0,0,0,0,0,0,0,0,0,11,0,0,0,0,0,0,0,0,0,"#1F78B4","22",-0.61581454872003,0.788670462388654,-0.0905134066455886,-0.0563926540991298,-0.244315396628436,-0.523958489384767,-0.00897067854116073,0.15176762278607,-0.171284811134814
2017,"Neah Bay",3,"S",10,0,0,0,0,0,0,2,2,0,0,0,0,0,0,0,0,0,0,0,0,0,0,0,0,0,0,0,0,"#1F78B4","22",-0.61581454872003,0.788670462388653,-0.0905134066455888,-0.0563926540991301,-0.244315396628437,-0.523958489384768,-0.00897067854116038,0.15176762278607,-0.171284811134815
2017,"Neah Bay",4,"S",10,35,0,0,0,1,0,1,0,0,0,0,0,2,1,0,0,0,0,0,0,0,0,0,0,0,2,0,0,"#1F78B4","22",-0.334276857180873,-1.08722883972006,-0.149358675867919,0.597730945525906,-0.203528146189347,0.253297076437119,-1.47589753131029,-0.705882634714519,-0.179515871429241
2018,"Neah Bay",1,"N",5,0,0,0,0,0,0,2,0,0,0,0,0,0,0,0,0,0,0,0,0,0,0,0,0,1,1,0,0,"#1F78B4","23",-0.793162485039494,1.22656224791871,1.50585378352287,-2.83229525930615,1.26637855272069,0.91316842798347,-0.161633909508264,-0.122814182933143,0.0290449660410828
2018,"Neah Bay",2,"N",5,0,0,0,2,0,0,1,0,0,0,0,0,0,0,0,0,0,0,0,0,0,0,0,0,0,0,0,0,"#1F78B4","23",-0.61581454872003,0.788670462388654,-0.0905134066455894,-0.0563926540991293,-0.244315396628437,-0.523958489384767,-0.0089706785411604,0.151767622786069,-0.171284811134814
2018,"Neah Bay",3,"N",5,0,0,0,3,0,1,0,0,0,0,0,0,0,0,0,0,0,0,1,0,0,0,0,0,1,1,0,0,"#1F78B4","23",-0.793162485039493,1.22656224791871,1.50585378352287,-2.83229525930615,1.26637855272069,0.91316842798347,-0.161633909508264,-0.122814182933144,0.0290449660410829
2018,"Neah Bay",4,"N",5,0,0,0,1,2,0,1,0,0,0,0,0,0,0,0,0,0,0,1,0,0,0,0,0,2,2,0,0,"#1F78B4","23",-0.925546126053802,1.066409003597,1.61063744851152,-3.54328443853592,1.5533647977897,1.33379158715196,0.0697967911314405,-0.444789778814727,0.106197687137358
2018,"Neah Bay",1,"N",10,0,0,0,0,0,0,2,1,0,0,0,0,0,0,0,0,0,0,0,0,0,0,0,0,0,0,0,0,"#1F78B4","23",-0.61581454872003,0.788670462388653,-0.0905134066455907,-0.0563926540991287,-0.244315396628437,-0.523958489384768,-0.0089706785411602,0.151767622786069,-0.171284811134815
2018,"Neah Bay",2,"N",10,0,0,0,0,0,0,6,0,0,0,0,0,0,0,0,0,0,0,0,0,0,0,0,0,0,0,0,0,"#1F78B4","23",-0.615814548720029,0.788670462388653,-0.0905134066455901,-0.0563926540991282,-0.244315396628438,-0.523958489384768,-0.00897067854116004,0.151767622786069,-0.171284811134815
2018,"Neah Bay",3,"N",10,0,0,0,0,0,0,1,0,0,0,0,0,0,0,0,0,0,0,0,0,0,0,0,0,0,0,0,0,"#1F78B4","23",-0.615814548720029,0.788670462388653,-0.0905134066455903,-0.0563926540991284,-0.244315396628438,-0.523958489384768,-0.00897067854116021,0.151767622786069,-0.171284811134815
2018,"Neah Bay",4,"N",10,0,0,0,0,0,0,5,0,0,0,0,0,0,0,0,0,0,0,0,0,0,0,0,0,0,0,0,0,"#1F78B4","23",-0.615814548720029,0.788670462388653,-0.0905134066455899,-0.0563926540991283,-0.244315396628438,-0.523958489384768,-0.00897067854115979,0.151767622786069,-0.171284811134816
2018,"Neah Bay",1,"S",5,0,0,0,0,1,0,2,0,0,0,0,0,0,0,0,0,0,0,0,0,0,0,0,0,4,4,0,0,"#1F78B4","23",-0.952723648156336,0.906023353565295,1.56739715575525,-4.14889086214818,1.84504720163196,1.82583947418589,0.328266275402338,-0.838807904692091,0.123153325132894
2018,"Neah Bay",2,"S",5,0,0,0,0,0,0,1,0,0,0,0,0,0,0,0,0,0,0,0,0,0,0,0,0,0,0,0,0,"#1F78B4","23",-0.61581454872003,0.788670462388653,-0.0905134066455901,-0.0563926540991288,-0.244315396628438,-0.523958489384768,-0.00897067854115963,0.151767622786069,-0.171284811134815
2018,"Neah Bay",3,"S",5,0,0,0,2,1,0,0,0,0,0,0,0,0,0,0,0,0,0,0,0,0,0,0,0,6,6,0,0,"#1F78B4","23",-0.885409969222689,0.836941441282206,1.44019514131964,-4.40615366499369,2.07373996765214,2.11778758818826,0.38611884405612,-0.970472390405495,0.0829858154926569
2018,"Neah Bay",1,"S",10,0,0,2,2,0,2,1,0,0,0,0,0,0,0,0,0,0,0,0,0,0,0,0,0,0,0,0,0,"#1F78B4","23",-0.61581454872003,0.788670462388653,-0.0905134066455897,-0.0563926540991297,-0.244315396628438,-0.523958489384767,-0.00897067854115875,0.151767622786068,-0.171284811134815
2018,"Neah Bay",2,"S",10,0,0,0,1,2,1,2,0,0,0,0,0,0,1,0,0,0,0,20,0,0,0,0,0,0,0,0,0,"#1F78B4","23",-0.61581454872003,0.788670462388653,-0.0905134066455898,-0.0563926540991299,-0.244315396628438,-0.523958489384767,-0.00897067854115879,0.151767622786068,-0.171284811134815
2018,"Neah Bay",3,"S",10,0,0,0,0,1,6,0,0,0,0,0,0,0,1,0,0,0,0,14,0,0,0,0,0,0,0,0,0,"#1F78B4","23",-0.61581454872003,0.788670462388653,-0.0905134066455894,-0.0563926540991296,-0.244315396628438,-0.523958489384767,-0.00897067854115878,0.151767622786068,-0.171284811134815
2018,"Neah Bay",4,"S",10,0,0,0,11,0,0,0,0,0,0,0,0,0,0,0,0,0,0,6,0,0,0,0,0,0,0,0,0,"#1F78B4","23",-0.615814548720031,0.788670462388652,-0.0905134066455895,-0.0563926540991298,-0.244315396628438,-0.523958489384768,-0.00897067854115835,0.151767622786068,-0.171284811134815
2019,"Neah Bay",1,"N",5,0,25,0,1,1,1,2,0,0,0,0,0,11,0,0,0,0,0,1,0,0,0,0,0,0,11,0,0,"#1F78B4","24",-0.250280134098038,-2.52194965875309,1.45095930715474,0.132652309875074,-0.220519747940428,-0.573056193927578,0.00830288521451556,0.728815070216373,-0.227446822331781
2019,"Neah Bay",2,"N",5,0,0,0,0,2,0,2,1,0,0,0,0,1,0,0,0,0,0,0,0,0,0,0,0,0,1,0,0,"#1F78B4","24",-0.133625682620246,-0.299027762154054,-0.191473824376362,0.887718386545245,-0.376466254045504,0.497016659258724,-1.46460043470417,-1.25982868305997,-0.243228607365643
2019,"Neah Bay",3,"N",5,0,0,0,0,2,0,2,0,0,1,9,0,0,0,0,0,0,0,0,0,0,0,0,0,0,9,0,0,"#1F78B4","24",-0.533332755756836,0.0151458677109236,-3.33453414635289,-0.760409623322781,-0.767328558204251,2.8108585093133,0.595080045950088,3.41941018668887,1.71455235513553
2019,"Neah Bay",1,"N",10,0,0,0,0,0,2,1,1,0,0,0,0,0,0,1,0,0,0,0,0,0,0,0,0,0,1,0,0,"#1F78B4","24",-1.38347419697151,-0.356029434652465,-1.98890174789455,0.0174992631372413,1.29317126727349,-1.48468038093337,1.81510354201193,-1.38527909057328,2.58100037158214
2019,"Neah Bay",2,"N",10,0,0,0,0,1,0,3,0,0,0,0,0,70,0,0,0,0,0,0,0,0,0,0,0,0,70,0,0,"#1F78B4","24",4.3981265250852,-0.444005034149641,0.725958374528709,-0.0476181712377099,-0.416382640266173,-0.490957639891594,0.464614782823831,0.0640822163563028,0.503583338340028
2019,"Neah Bay",3,"N",10,0,0,0,0,3,0,3,0,0,0,0,0,0,0,0,0,1,0,0,0,0,0,0,0,0,0,0,0,"#1F78B4","24",-0.615814548720031,0.788670462388654,-0.0905134066455849,-0.0563926540991276,-0.244315396628438,-0.523958489384767,-0.00897067854115833,0.151767622786069,-0.171284811134818
2019,"Neah Bay",4,"N",10,0,0,0,0,1,0,3,0,0,0,0,0,4,0,0,0,0,0,0,0,0,0,0,0,0,4,0,0,"#1F78B4","24",-0.524681184456918,-1.91140523640786,0.163940855795198,0.213846415964358,0.0473971501810246,-0.218853495413059,-1.36453053491251,0.310041595404659,0.0503105528750602
2019,"Neah Bay",1,"S",5,0,0,0,0,0,0,2,0,0,0,0,0,2,0,0,0,0,0,0,0,0,0,0,0,0,2,0,0,"#1F78B4","24",-0.334276857180871,-1.08722883972006,-0.149358675867915,0.597730945525911,-0.203528146189348,0.253297076437121,-1.47589753131029,-0.70588263471452,-0.179515871429246
2019,"Neah Bay",2,"S",5,0,123,0,0,1,0,1,0,0,0,0,0,6,0,0,0,0,0,0,0,0,0,0,0,0,6,0,0,"#1F78B4","24",-0.553805986745893,-2.30602215592923,0.568580652019736,0.061822838836,0.0944460235152482,-0.476052756421595,-1.05784882174718,0.883639627027838,0.0328029645991394
2019,"Neah Bay",3,"S",5,0,0,0,0,0,2,2,0,0,0,0,0,0,0,0,0,0,0,0,0,0,0,0,0,1,1,0,0,"#1F78B4","24",-0.793162485039495,1.22656224791871,1.50585378352287,-2.83229525930615,1.26637855272069,0.913168427983469,-0.161633909508264,-0.122814182933141,0.0290449660410848
2019,"Neah Bay",4,"S",5,0,0,0,0,0,0,3,0,0,0,0,0,0,0,0,0,0,0,0,0,0,0,0,0,0,0,0,0,"#1F78B4","24",-0.61581454872003,0.788670462388654,-0.0905134066455856,-0.0563926540991273,-0.244315396628439,-0.523958489384767,-0.00897067854115782,0.151767622786068,-0.171284811134818
2019,"Neah Bay",1,"S",10,1,0,0,0,0,0,1,1,0,0,0,0,0,1,0,0,0,0,14,0,0,0,0,0,0,0,0,0,"#1F78B4","24",-0.61581454872003,0.788670462388654,-0.0905134066455856,-0.0563926540991274,-0.244315396628439,-0.523958489384767,-0.00897067854115778,0.151767622786068,-0.171284811134818
2019,"Neah Bay",2,"S",10,0,0,0,0,2,0,4,0,0,0,1,0,0,2,0,0,0,0,14,0,0,2,0,0,0,1,0,0,"#1F78B4","24",-1.1210380197929,1.15865723835962,0.708335864806299,1.13437135403341,-2.14249388160448,2.43475674819816,2.18007419394598,0.259920612806272,-0.10230461850427
2019,"Neah Bay",3,"S",10,7,0,0,0,2,0,2,0,0,0,0,0,0,1,1,0,0,0,6,0,0,1,0,0,0,1,0,0,"#1F78B4","24",-1.38347419697151,-0.356029434652464,-1.98890174789455,0.0174992631372413,1.29317126727349,-1.48468038093337,1.81510354201193,-1.38527909057328,2.58100037158214
2019,"Neah Bay",4,"S",10,0,0,0,0,1,0,3,0,0,0,0,0,1,0,0,0,0,0,11,0,0,1,0,0,0,1,0,0,"#1F78B4","24",-0.133625682620244,-0.299027762154052,-0.191473824376361,0.887718386545247,-0.376466254045502,0.497016659258724,-1.46460043470417,-1.25982868305997,-0.243228607365644
2021,"Neah Bay",1,"N",5,2,0,0,0,0,0,2,0,0,0,0,0,5,0,0,0,0,0,0,0,0,0,0,0,0,5,0,0,"#1F78B4","25",-0.556014275344576,-2.15715593776353,0.334996606192042,0.0943964931371281,0.107372023654551,-0.38701233103641,-1.25728968434956,0.707430586678168,0.0697953377099313
2021,"Neah Bay",2,"N",5,1,0,0,0,2,0,2,0,0,0,0,0,0,0,0,0,0,0,0,0,0,0,0,0,0,0,0,0,"#1F78B4","25",-0.615814548720029,0.788670462388655,-0.090513406645585,-0.0563926540991266,-0.244315396628436,-0.523958489384767,-0.00897067854116135,0.151767622786072,-0.17128481113482
2021,"Neah Bay",3,"N",5,0,0,0,0,2,0,0,0,0,0,0,0,0,0,0,0,0,0,0,0,0,0,0,0,2,2,0,0,"#1F78B4","25",-0.925546126053803,1.066409003597,1.61063744851152,-3.54328443853592,1.5533647977897,1.33379158715196,0.0697967911314356,-0.444789778814722,0.106197687137358
2021,"Neah Bay",4,"N",5,0,0,0,0,0,0,4,0,0,0,0,0,3,0,0,0,0,0,0,0,0,0,0,0,58,61,0,0,"#1F78B4","25",0.645923347508485,-0.707566197004228,-0.559097467812833,-3.20370860979353,3.32153192707336,3.23976335392574,-2.35149358035474,-0.703990676156401,-0.155150046075209
2021,"Neah Bay",1,"N",10,0,0,0,0,0,0,2,0,0,0,0,0,2,0,0,0,0,0,5,0,0,0,0,0,0,2,0,0,"#1F78B4","25",-0.33427685718087,-1.08722883972006,-0.149358675867915,0.597730945525913,-0.203528146189347,0.25329707643712,-1.47589753131029,-0.705882634714517,-0.179515871429248
2021,"Neah Bay",2,"N",10,0,0,0,0,0,0,1,0,0,0,0,0,0,0,0,0,0,0,0,0,0,0,0,0,0,0,0,0,"#1F78B4","25",-0.615814548720029,0.788670462388655,-0.0905134066455849,-0.0563926540991259,-0.244315396628437,-0.523958489384767,-0.00897067854116055,0.151767622786072,-0.17128481113482
2021,"Neah Bay",3,"N",10,0,0,0,0,0,0,0,0,0,0,0,0,35,0,0,0,0,0,0,0,0,0,0,0,0,35,0,0,"#1F78B4","25",2.0779455493041,-1.79158607644454,1.45426591016968,-0.125998819876215,-0.746847326282018,-0.669918142308731,1.04674322649335,-0.0544100620381105,0.217015060029019
2021,"Neah Bay",4,"N",10,0,0,0,0,0,0,0,1,0,0,0,0,1,0,0,0,0,0,20,0,0,0,0,0,0,1,0,0,"#1F78B4","25",-0.133625682620246,-0.299027762154053,-0.19147382437636,0.887718386545247,-0.376466254045502,0.497016659258723,-1.46460043470417,-1.25982868305997,-0.243228607365644
2021,"Neah Bay",1,"S",5,0,0,0,0,0,0,2,0,0,0,0,0,0,0,0,0,0,0,1,0,0,0,0,0,0,0,0,0,"#1F78B4","25",-0.61581454872003,0.788670462388654,-0.0905134066455838,-0.0563926540991261,-0.244315396628437,-0.523958489384768,-0.00897067854115922,0.151767622786072,-0.17128481113482
2021,"Neah Bay",2,"S",5,0,0,0,0,0,0,0,0,0,0,0,0,0,0,0,0,0,0,0,0,0,0,0,0,0,0,0,0,"#1F78B4","25",-0.61581454872003,0.788670462388654,-0.0905134066455839,-0.0563926540991261,-0.244315396628437,-0.523958489384768,-0.00897067854115956,0.151767622786072,-0.17128481113482
2021,"Neah Bay",3,"S",5,2,0,0,0,1,0,2,0,0,0,0,0,0,0,2,0,0,0,0,0,0,0,0,0,0,2,0,0,"#1F78B4","25",-1.27909448267365,-0.0862399569276903,-1.71724272535577,0.746821571336298,2.1072135030825,-1.00873336276159,1.9373921951642,-1.45000540056716,2.4339834019868
2021,"Neah Bay",4,"S",5,0,0,0,0,2,0,1,0,0,0,0,0,0,0,0,0,0,0,2,0,0,0,0,0,0,0,0,0,"#1F78B4","25",-0.61581454872003,0.788670462388655,-0.0905134066455833,-0.0563926540991257,-0.244315396628437,-0.523958489384768,-0.00897067854116016,0.151767622786073,-0.171284811134821
2021,"Neah Bay",1,"S",10,19,0,0,0,0,0,4,0,0,0,0,0,15,0,1,0,0,0,4,0,0,0,0,0,0,16,0,0,"#1F78B4","25",-1.30053937349408,-4.32668158411066,-0.792171003152072,-0.879565977714954,0.0388883251429675,-1.73210285062711,2.76008927169991,-2.11825404046099,3.12839386891781
2021,"Neah Bay",2,"S",10,0,0,0,0,0,0,5,0,0,0,0,1,0,1,0,0,0,0,20,0,0,2,0,0,0,0,0,0,"#1F78B4","25",-0.615814548720026,0.788670462388659,-0.0905134066455801,-0.0563926540991218,-0.244315396628434,-0.523958489384765,-0.0089706785411638,0.151767622786076,-0.171284811134824
2021,"Neah Bay",3,"S",10,0,0,0,0,1,0,2,0,0,0,0,0,4,0,0,0,0,0,14,0,0,1,0,0,0,4,0,0,"#1F78B4","25",-0.524681184456916,-1.91140523640786,0.163940855795201,0.213846415964362,0.047397150181028,-0.218853495413058,-1.36453053491251,0.310041595404666,0.050310552875054
2021,"Neah Bay",4,"S",10,0,0,0,0,0,1,3,1,0,0,0,0,3,3,0,0,0,0,1,0,0,0,0,0,0,3,0,0,"#1F78B4","25",-0.445455193988141,-1.55996698756563,0.0076373528205826,0.373628523673139,-0.0359498799963523,0.00297930534333214,-1.46481710415068,-0.131098982991472,-0.0524559696856304
